Promotion,Emplyee name Retrenchment,Find duplicate,
Abbey Schindler,Abbey Schindler,Y,Abbey Schindler
Abe J Macleod,Abe J Macleod,Y,Abe J Macleod
Abe Morales,Abe Morales,Y,Abe Morales
Abe X Paro,Abe X Paro,Y,Abe X Paro
Abram Q Keffer,Abram Q Keffer,Y,Abram Q Keffer
Abram S Manrique,Abram S Manrique,Y,Abram S Manrique
Adalberto W Creek,Adalberto W Creek,Y,Adalberto W Creek
Adam B Katzer,Adam B Katzer,Y,Adam B Katzer
Adelaide L Harrop,Adelaide L Harrop,Y,Adelaide L Harrop
Adele M Burnam,Adele M Burnam,Y,Adele M Burnam
Adelia Abbas,Adelia Abbas,Y,Adelia Abbas
Adelia U Villagomez,Adelia U Villagomez,Y,Adelia U Villagomez
Adell W Trower,Adell W Trower,Y,Adell W Trower
Adella U Foushee,Adella U Foushee,Y,Adella U Foushee
Adelle E Brunner,Adelle E Brunner,Y,Adelle E Brunner
Adria M Melendrez,Adria M Melendrez,Y,Adria M Melendrez
Adriana O Medved,Adriana O Medved,Y,Adriana O Medved
Agnes Blow,Agnes Blow,Y,Agnes Blow
Agnes D Doud,Agnes D Doud,Y,Agnes D Doud
Ahmad V Lynde,Ahmad V Lynde,Y,Ahmad V Lynde
Ahmed C Minch,Ahmed C Minch,Y,Ahmed C Minch
Ahmed I Strope,Ahmed I Strope,Y,Ahmed I Strope
Ahmed V Lease,Ahmed V Lease,Y,Ahmed V Lease
Aiko Blossom,Aiko Blossom,Y,Aiko Blossom
Aileen F Hiltz,Aileen F Hiltz,Y,Aileen F Hiltz
Aileen Hiltz,Aileen Hiltz,Y,Aileen Hiltz
Akiko S Godby,Akiko S Godby,Y,Akiko S Godby
Al Fegley,Al Fegley,Y,Al Fegley
Alanna L Tyrell,Alanna L Tyrell,Y,Alanna L Tyrell
Albert Z Dunford,Albert Z Dunford,Y,Albert Z Dunford
Alda F Penning,Alda F Penning,Y,Alda F Penning
Alden Cauley,Alden Cauley,Y,Alden Cauley
Alden Y Cauley,Alden Y Cauley,Y,Alden Y Cauley
Alease Lander,Alease Lander,Y,Alease Lander
Alease Y Lander,Alease Y Lander,Y,Alease Y Lander
Alec Mcnees,Alec Mcnees,Y,Alec Mcnees
Aleisha H Mathew,Aleisha H Mathew,Y,Aleisha H Mathew
Alesia B Bear,Alesia B Bear,Y,Alesia B Bear
Alexis C Amaral,Alexis C Amaral,Y,Alexis C Amaral
Alexis D Bonelli,Alexis D Bonelli,Y,Alexis D Bonelli
Alexis Q Grose,Alexis Q Grose,Y,Alexis Q Grose
Alfonzo Knupp,Alfonzo Knupp,Y,Alfonzo Knupp
Alfred L Strausbaugh,Alfred L Strausbaugh,Y,Alfred L Strausbaugh
Alina L Prowell,Alina L Prowell,Y,Alina L Prowell
Alise Baltzell,Alise Baltzell,Y,Alise Baltzell
Alise O Baltzell,Alise O Baltzell,Y,Alise O Baltzell
Alisha D Coppock,Alisha D Coppock,Y,Alisha D Coppock
Aliza X Sammons,Aliza X Sammons,Y,Aliza X Sammons
Allen L Vachon,Allen L Vachon,Y,Allen L Vachon
Allene T Lepe,Allene T Lepe,Y,Allene T Lepe
Alline V Kushner,Alline V Kushner,Y,Alline V Kushner
Allyn O Farrior,Allyn O Farrior,Y,Allyn O Farrior
Allyson I Ours,Allyson I Ours,Y,Allyson I Ours
Almeda M Dunford,Almeda M Dunford,Y,Almeda M Dunford
Alonzo W Stanford,Alonzo W Stanford,Y,Alonzo W Stanford
Alphonso Laffoon,Alphonso Laffoon,Y,Alphonso Laffoon
Alphonso U Laffoon,Alphonso U Laffoon,Y,Alphonso U Laffoon
Alysia Basil,Alysia Basil,Y,Alysia Basil
Amada J Knouse,Amada J Knouse,Y,Amada J Knouse
Amado C Bonet,Amado C Bonet,Y,Amado C Bonet
Amelia H Burbank,Amelia H Burbank,Y,Amelia H Burbank
America V Lobel,America V Lobel,Y,America V Lobel
Amiee Z Chaffins,Amiee Z Chaffins,Y,Amiee Z Chaffins
Analisa X Birdsell,Analisa X Birdsell,Y,Analisa X Birdsell
Andre Q Maxon,Andre Q Maxon,Y,Andre Q Maxon
Andrea Rhymes,Andrea Rhymes,Y,Andrea Rhymes
Andreas L Kennard,Andreas L Kennard,Y,Andreas L Kennard
Andreas T Viles,Andreas T Viles,Y,Andreas T Viles
Andres P Towles,Andres P Towles,Y,Andres P Towles
Andres S Garner,Andres S Garner,Y,Andres S Garner
Andrew D Hersey,Andrew D Hersey,Y,Andrew D Hersey
Andrew Detweiler,Andrew Detweiler,Y,Andrew Detweiler
Andrew P Detweiler,Andrew P Detweiler,Y,Andrew P Detweiler
Andria Z Reza,Andria Z Reza,Y,Andria Z Reza
Angel F Palomino,Angel F Palomino,Y,Angel F Palomino
Angel Ferebee,Angel Ferebee,Y,Angel Ferebee
Angela P Lorenzen,Angela P Lorenzen,Y,Angela P Lorenzen
Angelo B Fitzmaurice,Angelo B Fitzmaurice,Y,Angelo B Fitzmaurice
Anibal F Pieper,Anibal F Pieper,Y,Anibal F Pieper
Anisha Jasmin,Anisha Jasmin,Y,Anisha Jasmin
Annabelle E Encinas,Annabelle E Encinas,Y,Annabelle E Encinas
Annette Jolin,Annette Jolin,Y,Annette Jolin
Antone Polston,Antone Polston,Y,Antone Polston
Antone W Polston,Antone W Polston,Y,Antone W Polston
Archie Blair,Archie Blair,Y,Archie Blair
Arden B Fujita,Arden B Fujita,Y,Arden B Fujita
Arlen F Maly,Arlen F Maly,Y,Arlen F Maly
Arlen Joly,Arlen Joly,Y,Arlen Joly
Arlen M Joly,Arlen M Joly,Y,Arlen M Joly
Arlen Z Vanslyke,Arlen Z Vanslyke,Y,Arlen Z Vanslyke
Armando H Seaborn,Armando H Seaborn,Y,Armando H Seaborn
Armida Bridwell,Armida Bridwell,Y,Armida Bridwell
Arnoldo D Mckeen,Arnoldo D Mckeen,Y,Arnoldo D Mckeen
Aron Durante,Aron Durante,Y,Aron Durante
Arron R Vegas,Arron R Vegas,Y,Arron R Vegas
Arturo N Halvorsen,Arturo N Halvorsen,Y,Arturo N Halvorsen
Asa E Kunze,Asa E Kunze,Y,Asa E Kunze
Ashanti R Swim,Ashanti R Swim,Y,Ashanti R Swim
Ashlie G Cadena,Ashlie G Cadena,Y,Ashlie G Cadena
Asley F Mcewan,Asley F Mcewan,Y,Asley F Mcewan
Astrid Marinelli,Astrid Marinelli,Y,Astrid Marinelli
Astrid R Marinelli,Astrid R Marinelli,Y,Astrid R Marinelli
Asuncion X Braunstein,Asuncion X Braunstein,Y,Asuncion X Braunstein
Audrea B Prather,Audrea B Prather,Y,Audrea B Prather
Audrea K Papineau,Audrea K Papineau,Y,Audrea K Papineau
Audria W Barrios,Audria W Barrios,Y,Audria W Barrios
Audrie X Mccammon,Audrie X Mccammon,Y,Audrie X Mccammon
August C Navarette,August C Navarette,Y,August C Navarette
August C Strother,August C Strother,Y,August C Strother
August F Dones,August F Dones,Y,August F Dones
Augusta G Kircher,Augusta G Kircher,Y,Augusta G Kircher
Aundrea W Lundberg,Aundrea W Lundberg,Y,Aundrea W Lundberg
Aurelio K Wyckoff,Aurelio K Wyckoff,Y,Aurelio K Wyckoff
Austin Janney,Austin Janney,Y,Austin Janney
Ayako Bachmann,Ayako Bachmann,Y,Ayako Bachmann
Ayako L Bachmann,Ayako L Bachmann,Y,Ayako L Bachmann
Barak Sali,Barak Sali,Y,Barak Sali
Barrie Collman,Barrie Collman,Y,Barrie Collman
Barrie E Collman,Barrie E Collman,Y,Barrie E Collman
Bart B Gilcrease,Bart B Gilcrease,Y,Bart B Gilcrease
Beatrice A Knopf,Beatrice A Knopf,Y,Beatrice A Knopf
Beatrice Coen,Beatrice Coen,Y,Beatrice Coen
Beatrice T Coen,Beatrice T Coen,Y,Beatrice T Coen
Bell N Molinaro,Bell N Molinaro,Y,Bell N Molinaro
Belva Fitzwater,Belva Fitzwater,Y,Belva Fitzwater
Ben Gigliotti,Ben Gigliotti,Y,Ben Gigliotti
Ben Lagrange,Ben Lagrange,Y,Ben Lagrange
Ben N Lamson,Ben N Lamson,Y,Ben N Lamson
Ben U Gigliotti,Ben U Gigliotti,Y,Ben U Gigliotti
Benedict B Wix,Benedict B Wix,Y,Benedict B Wix
Benedict U Daye,Benedict U Daye,Y,Benedict U Daye
Bennie E Manfredi,Bennie E Manfredi,Y,Bennie E Manfredi
Benny S Brinker,Benny S Brinker,Y,Benny S Brinker
Berna Z Stoller,Berna Z Stoller,Y,Berna Z Stoller
Bernard A Harbert,Bernard A Harbert,Y,Bernard A Harbert
Bernard Harbert,Bernard Harbert,Y,Bernard Harbert
Bernard N Weatherly,Bernard N Weatherly,Y,Bernard N Weatherly
Bernarda E Gervais,Bernarda E Gervais,Y,Bernarda E Gervais
Bernardina X Roesch,Bernardina X Roesch,Y,Bernardina X Roesch
Bernardo I Garzon,Bernardo I Garzon,Y,Bernardo I Garzon
Bernardo X Barbee,Bernardo X Barbee,Y,Bernardo X Barbee
Bernie M Kish,Bernie M Kish,Y,Bernie M Kish
Bert Q Lauritzen,Bert Q Lauritzen,Y,Bert Q Lauritzen
Bert S Kinkade,Bert S Kinkade,Y,Bert S Kinkade
Bertha E Harbison,Bertha E Harbison,Y,Bertha E Harbison
Beryl Helsel,Beryl Helsel,Y,Beryl Helsel
Bethann Marini,Bethann Marini,Y,Bethann Marini
Bill Tarkington,Bill Tarkington,Y,Bill Tarkington
Billie Liang,Billie Liang,Y,Billie Liang
Birdie Savoy,Birdie Savoy,Y,Birdie Savoy
Blanch Y Mysliwiec,Blanch Y Mysliwiec,Y,Blanch Y Mysliwiec
Bo E Curlee,Bo E Curlee,Y,Bo E Curlee
Bobbie P Chumley,Bobbie P Chumley,Y,Bobbie P Chumley
Bobbie Q Holbrook,Bobbie Q Holbrook,Y,Bobbie Q Holbrook
Bobbie S Miner,Bobbie S Miner,Y,Bobbie S Miner
Bobbie X Schoenrock,Bobbie X Schoenrock,Y,Bobbie X Schoenrock
Bong M Alvares,Bong M Alvares,Y,Bong M Alvares
Bonny Poor,Bonny Poor,Y,Bonny Poor
Bonny S Poor,Bonny S Poor,Y,Bonny S Poor
Boris A Mccown,Boris A Mccown,Y,Boris A Mccown
Brad I Pattison,Brad I Pattison,Y,Brad I Pattison
Bradford K Marlatt,Bradford K Marlatt,Y,Bradford K Marlatt
Brande Sevier,Brande Sevier,Y,Brande Sevier
Brendon E Mone,Brendon E Mone,Y,Brendon E Mone
Brendon J Camp,Brendon J Camp,Y,Brendon J Camp
Brendon V Crowther,Brendon V Crowther,Y,Brendon V Crowther
Brent U Perlman,Brent U Perlman,Y,Brent U Perlman
Brenton U Boyett,Brenton U Boyett,Y,Brenton U Boyett
Bret C Delancey,Bret C Delancey,Y,Bret C Delancey
Brett Z Vadnais,Brett Z Vadnais,Y,Brett Z Vadnais
Bridget D Spadaro,Bridget D Spadaro,Y,Bridget D Spadaro
Bridget Rake,Bridget Rake,Y,Bridget Rake
Brigitte D Fendley,Brigitte D Fendley,Y,Brigitte D Fendley
Britt P Shivers,Britt P Shivers,Y,Britt P Shivers
Britt Shivers,Britt Shivers,Y,Britt Shivers
Bruna R Welke,Bruna R Welke,Y,Bruna R Welke
Bryan J Stampley,Bryan J Stampley,Y,Bryan J Stampley
Bryan V Guyton,Bryan V Guyton,Y,Bryan V Guyton
Bryanna Pyron,Bryanna Pyron,Y,Bryanna Pyron
Bryant L Kinsman,Bryant L Kinsman,Y,Bryant L Kinsman
Bryce B Edens,Bryce B Edens,Y,Bryce B Edens
Buck H Rancourt,Buck H Rancourt,Y,Buck H Rancourt
Buck Rancourt,Buck Rancourt,Y,Buck Rancourt
Bud Kistner,Bud Kistner,Y,Bud Kistner
Bud L Lofgren,Bud L Lofgren,Y,Bud L Lofgren
Bud Lofgren,Bud Lofgren,Y,Bud Lofgren
Buddy G Steinbeck,Buddy G Steinbeck,Y,Buddy G Steinbeck
Buddy W Lofgren,Buddy W Lofgren,Y,Buddy W Lofgren
Buford Q Giancola,Buford Q Giancola,Y,Buford Q Giancola
Bula Reich,Bula Reich,Y,Bula Reich
Burton C Jin,Burton C Jin,Y,Burton C Jin
Caleb Luther,Caleb Luther,Y,Caleb Luther
Cameron A Chamberland,Cameron A Chamberland,Y,Cameron A Chamberland
Cameron Chamberland,Cameron Chamberland,Y,Cameron Chamberland
Cameron K Gratton,Cameron K Gratton,Y,Cameron K Gratton
Candelaria Q Zajicek,Candelaria Q Zajicek,Y,Candelaria Q Zajicek
Candelaria Zajicek,Candelaria Zajicek,Y,Candelaria Zajicek
Carey J Sandlin,Carey J Sandlin,Y,Carey J Sandlin
Carey N Mccready,Carey N Mccready,Y,Carey N Mccready
Carl M Paddock,Carl M Paddock,Y,Carl M Paddock
Carlo B Ali,Carlo B Ali,Y,Carlo B Ali
Carlos Banh,Carlos Banh,Y,Carlos Banh
Carlotta T Ryles,Carlotta T Ryles,Y,Carlotta T Ryles
Carlton P Bose,Carlton P Bose,Y,Carlton P Bose
Carlton P Mahurin,Carlton P Mahurin,Y,Carlton P Mahurin
Carly L Sirianni,Carly L Sirianni,Y,Carly L Sirianni
Carmelia E Bergeron,Carmelia E Bergeron,Y,Carmelia E Bergeron
Carmelia R Lattimer,Carmelia R Lattimer,Y,Carmelia R Lattimer
Carmen F Barret,Carmen F Barret,Y,Carmen F Barret
Carmen U Benbow,Carmen U Benbow,Y,Carmen U Benbow
Carmon A Howlett,Carmon A Howlett,Y,Carmon A Howlett
Carolin T Loya,Carolin T Loya,Y,Carolin T Loya
Carolina B Pasillas,Carolina B Pasillas,Y,Carolina B Pasillas
Carolynn V Moynihan,Carolynn V Moynihan,Y,Carolynn V Moynihan
Carrol Arend,Carrol Arend,Y,Carrol Arend
Carrol O Arend,Carrol O Arend,Y,Carrol O Arend
Carter B Hilderbrand,Carter B Hilderbrand,Y,Carter B Hilderbrand
Carter C Hunt,Carter C Hunt,Y,Carter C Hunt
Casey D Krier,Casey D Krier,Y,Casey D Krier
Cassaundra K Polito,Cassaundra K Polito,Y,Cassaundra K Polito
Cayla Mealy,Cayla Mealy,Y,Cayla Mealy
Cecil Teixeira,Cecil Teixeira,Y,Cecil Teixeira
Cecily D Houser,Cecily D Houser,Y,Cecily D Houser
Cedric N Cavallo,Cedric N Cavallo,Y,Cedric N Cavallo
Cedrick Engelhardt,Cedrick Engelhardt,Y,Cedrick Engelhardt
Cedrick K Engelhardt,Cedrick K Engelhardt,Y,Cedrick K Engelhardt
Cedrick M Cordle,Cedrick M Cordle,Y,Cedrick M Cordle
Celesta L Reeser,Celesta L Reeser,Y,Celesta L Reeser
Celestine H Alderson,Celestine H Alderson,Y,Celestine H Alderson
Celinda C Magruder,Celinda C Magruder,Y,Celinda C Magruder
Celine Baskin,Celine Baskin,Y,Celine Baskin
Chadwick I Hargreaves,Chadwick I Hargreaves,Y,Chadwick I Hargreaves
Charity N Denman,Charity N Denman,Y,Charity N Denman
Charles S Nicholes,Charles S Nicholes,Y,Charles S Nicholes
Charlie Moxley,Charlie Moxley,Y,Charlie Moxley
Charlie V Koeller,Charlie V Koeller,Y,Charlie V Koeller
Chase J Paradise,Chase J Paradise,Y,Chase J Paradise
Chase Paradise,Chase Paradise,Y,Chase Paradise
Chase T Scurry,Chase T Scurry,Y,Chase T Scurry
Chau R Barron,Chau R Barron,Y,Chau R Barron
Chauncey Southerland,Chauncey Southerland,Y,Chauncey Southerland
Chaya W Caudle,Chaya W Caudle,Y,Chaya W Caudle
Chere Patchett,Chere Patchett,Y,Chere Patchett
Cheree Lusk,Cheree Lusk,Y,Cheree Lusk
Chester N Sitz,Chester N Sitz,Y,Chester N Sitz
Chi S Clopton,Chi S Clopton,Y,Chi S Clopton
Ching D Applegate,Ching D Applegate,Y,Ching D Applegate
Chris Braggs,Chris Braggs,Y,Chris Braggs
Chrissy H Edmonson,Chrissy H Edmonson,Y,Chrissy H Edmonson
Christena Kratz,Christena Kratz,Y,Christena Kratz
Christene Blakemore,Christene Blakemore,Y,Christene Blakemore
Christene F Blakemore,Christene F Blakemore,Y,Christene F Blakemore
Christene L Mccaleb,Christene L Mccaleb,Y,Christene L Mccaleb
Christi H Amaker,Christi H Amaker,Y,Christi H Amaker
Christie Rodger,Christie Rodger,Y,Christie Rodger
Christoper K Manzano,Christoper K Manzano,Y,Christoper K Manzano
Chung J Moynihan,Chung J Moynihan,Y,Chung J Moynihan
Cicely W Colton,Cicely W Colton,Y,Cicely W Colton
Cindie T Madden,Cindie T Madden,Y,Cindie T Madden
Clara B Sifuentes,Clara B Sifuentes,Y,Clara B Sifuentes
Clarence Hinkson,Clarence Hinkson,Y,Clarence Hinkson
Clarence J Hinkson,Clarence J Hinkson,Y,Clarence J Hinkson
Claretta D Wingert,Claretta D Wingert,Y,Claretta D Wingert
Clark Spence,Clark Spence,Y,Clark Spence
Claudio Q Bien,Claudio Q Bien,Y,Claudio Q Bien
Clemente S Wiechmann,Clemente S Wiechmann,Y,Clemente S Wiechmann
Clemmie F Montague,Clemmie F Montague,Y,Clemmie F Montague
Cleveland A Zinke,Cleveland A Zinke,Y,Cleveland A Zinke
Cleveland Franko,Cleveland Franko,Y,Cleveland Franko
Cleveland W Franko,Cleveland W Franko,Y,Cleveland W Franko
Cliff Skipworth,Cliff Skipworth,Y,Cliff Skipworth
Clint Q Orear,Clint Q Orear,Y,Clint Q Orear
Clint Q Strayhorn,Clint Q Strayhorn,Y,Clint Q Strayhorn
Clint Strayhorn,Clint Strayhorn,Y,Clint Strayhorn
Clinton Tschida,Clinton Tschida,Y,Clinton Tschida
Clotilde Mason,Clotilde Mason,Y,Clotilde Mason
Clotilde X Mason,Clotilde X Mason,Y,Clotilde X Mason
Clyde P Ponton,Clyde P Ponton,Y,Clyde P Ponton
Cole Dellinger,Cole Dellinger,Y,Cole Dellinger
Cole M Dellinger,Cole M Dellinger,Y,Cole M Dellinger
Cole N Poling,Cole N Poling,Y,Cole N Poling
Colin V Likens,Colin V Likens,Y,Colin V Likens
Colleen B Lenihan,Colleen B Lenihan,Y,Colleen B Lenihan
Colton B Salzman,Colton B Salzman,Y,Colton B Salzman
Colton Salzman,Colton Salzman,Y,Colton Salzman
Conrad R Saito,Conrad R Saito,Y,Conrad R Saito
Conrad Saito,Conrad Saito,Y,Conrad Saito
Cordell M Tweedy,Cordell M Tweedy,Y,Cordell M Tweedy
Cordell Riche,Cordell Riche,Y,Cordell Riche
Cordia M Knopp,Cordia M Knopp,Y,Cordia M Knopp
Corey F Stowe,Corey F Stowe,Y,Corey F Stowe
Corina U Korhonen,Corina U Korhonen,Y,Corina U Korhonen
Cortez F Espiritu,Cortez F Espiritu,Y,Cortez F Espiritu
Coy I Gentner,Coy I Gentner,Y,Coy I Gentner
Cristal Q Kucharski,Cristal Q Kucharski,Y,Cristal Q Kucharski
Cristi T Clem,Cristi T Clem,Y,Cristi T Clem
Crystal Comes,Crystal Comes,Y,Crystal Comes
Crystal U Comes,Crystal U Comes,Y,Crystal U Comes
Curtis E Quayle,Curtis E Quayle,Y,Curtis E Quayle
Cyndy Ary,Cyndy Ary,Y,Cyndy Ary
Cyndy H Ary,Cyndy H Ary,Y,Cyndy H Ary
Cythia I Stecker,Cythia I Stecker,Y,Cythia I Stecker
Daina U Ledet,Daina U Ledet,Y,Daina U Ledet
Dale Childers,Dale Childers,Y,Dale Childers
Dale E Childers,Dale E Childers,Y,Dale E Childers
Damian F Mcgaughey,Damian F Mcgaughey,Y,Damian F Mcgaughey
Damian X Grist,Damian X Grist,Y,Damian X Grist
Damien A Izquierdo,Damien A Izquierdo,Y,Damien A Izquierdo
Dane Lawrence,Dane Lawrence,Y,Dane Lawrence
Danette A Kuykendall,Danette A Kuykendall,Y,Danette A Kuykendall
Daniel L Nava,Daniel L Nava,Y,Daniel L Nava
Danilo Hammes,Danilo Hammes,Y,Danilo Hammes
Danilo S Hammes,Danilo S Hammes,Y,Danilo S Hammes
Darcel P Burford,Darcel P Burford,Y,Darcel P Burford
Darin Keitt,Darin Keitt,Y,Darin Keitt
Darin U Shipp,Darin U Shipp,Y,Darin U Shipp
Darren U Shoulders,Darren U Shoulders,Y,Darren U Shoulders
Darron Tittle,Darron Tittle,Y,Darron Tittle
Darwin W Lemoine,Darwin W Lemoine,Y,Darwin W Lemoine
Davida A Funkhouser,Davida A Funkhouser,Y,Davida A Funkhouser
Davis Z Gaylor,Davis Z Gaylor,Y,Davis Z Gaylor
Dawna T Woodbury,Dawna T Woodbury,Y,Dawna T Woodbury
Dawne Y Gardner,Dawne Y Gardner,Y,Dawne Y Gardner
Dayna M Edmondson,Dayna M Edmondson,Y,Dayna M Edmondson
Deandre U Groleau,Deandre U Groleau,Y,Deandre U Groleau
Deane I Keown,Deane I Keown,Y,Deane I Keown
Deanna P Scoggin,Deanna P Scoggin,Y,Deanna P Scoggin
Debbie C Lipsey,Debbie C Lipsey,Y,Debbie C Lipsey
Debrah X Flury,Debrah X Flury,Y,Debrah X Flury
Dee Joslyn,Dee Joslyn,Y,Dee Joslyn
Deeanna E Cluck,Deeanna E Cluck,Y,Deeanna E Cluck
Delana I Selfridge,Delana I Selfridge,Y,Delana I Selfridge
Delana Y Freedman,Delana Y Freedman,Y,Delana Y Freedman
Delfina O Day,Delfina O Day,Y,Delfina O Day
Delphine P Carpio,Delphine P Carpio,Y,Delphine P Carpio
Delsie R Tennison,Delsie R Tennison,Y,Delsie R Tennison
Demarcus Recio,Demarcus Recio,Y,Demarcus Recio
Denis T Yelle,Denis T Yelle,Y,Denis T Yelle
Denis Y Fehr,Denis Y Fehr,Y,Denis Y Fehr
Dennis K Cayer,Dennis K Cayer,Y,Dennis K Cayer
Deon U Mounce,Deon U Mounce,Y,Deon U Mounce
Derick A Macey,Derick A Macey,Y,Derick A Macey
Derrick Culbreth,Derrick Culbreth,Y,Derrick Culbreth
Deshawn O Mankin,Deshawn O Mankin,Y,Deshawn O Mankin
Desirae D Ginn,Desirae D Ginn,Y,Desirae D Ginn
Desirae Ginn,Desirae Ginn,Y,Desirae Ginn
Desiree L Sobel,Desiree L Sobel,Y,Desiree L Sobel
Detra D Rymer,Detra D Rymer,Y,Detra D Rymer
Devin Hales,Devin Hales,Y,Devin Hales
Devin U Hales,Devin U Hales,Y,Devin U Hales
Dewayne X Groom,Dewayne X Groom,Y,Dewayne X Groom
Dian I Peachey,Dian I Peachey,Y,Dian I Peachey
Digna Q Eck,Digna Q Eck,Y,Digna Q Eck
Dion K Taylor,Dion K Taylor,Y,Dion K Taylor
Dion Taylor,Dion Taylor,Y,Dion Taylor
Don Southwick,Don Southwick,Y,Don Southwick
Donald H Mazur,Donald H Mazur,Y,Donald H Mazur
Donald P Phaneuf,Donald P Phaneuf,Y,Donald P Phaneuf
Dong B Sturdevant,Dong B Sturdevant,Y,Dong B Sturdevant
Dong Sturdevant,Dong Sturdevant,Y,Dong Sturdevant
Donna R Woodrum,Donna R Woodrum,Y,Donna R Woodrum
Donnell Babbitt,Donnell Babbitt,Y,Donnell Babbitt
Donte H Granger,Donte H Granger,Y,Donte H Granger
Donya G Rodden,Donya G Rodden,Y,Donya G Rodden
Dorethea U Engram,Dorethea U Engram,Y,Dorethea U Engram
Doria Z Crouse,Doria Z Crouse,Y,Doria Z Crouse
Dorla G Westberry,Dorla G Westberry,Y,Dorla G Westberry
Dorothea J Canterbury,Dorothea J Canterbury,Y,Dorothea J Canterbury
Dorothy Gard,Dorothy Gard,Y,Dorothy Gard
Dorothy Q Gard,Dorothy Q Gard,Y,Dorothy Q Gard
Dortha Z Harty,Dortha Z Harty,Y,Dortha Z Harty
Dottie D Hagaman,Dottie D Hagaman,Y,Dottie D Hagaman
Dottie Hagaman,Dottie Hagaman,Y,Dottie Hagaman
Doug B Southwick,Doug B Southwick,Y,Doug B Southwick
Douglas Cull,Douglas Cull,Y,Douglas Cull
Dovie F Larue,Dovie F Larue,Y,Dovie F Larue
Dovie Nickerson,Dovie Nickerson,Y,Dovie Nickerson
Dovie U Nickerson,Dovie U Nickerson,Y,Dovie U Nickerson
Doyle Grindstaff,Doyle Grindstaff,Y,Doyle Grindstaff
Doyle N Utter,Doyle N Utter,Y,Doyle N Utter
Doyle T Grindstaff,Doyle T Grindstaff,Y,Doyle T Grindstaff
Doyle Utter,Doyle Utter,Y,Doyle Utter
Drucilla Simkins,Drucilla Simkins,Y,Drucilla Simkins
Dudley G Slocum,Dudley G Slocum,Y,Dudley G Slocum
Dudley Slocum,Dudley Slocum,Y,Dudley Slocum
Dulce E Grizzard,Dulce E Grizzard,Y,Dulce E Grizzard
Dulce Grizzard,Dulce Grizzard,Y,Dulce Grizzard
Duncan O Maheu,Duncan O Maheu,Y,Duncan O Maheu
Dustin Y Espey,Dustin Y Espey,Y,Dustin Y Espey
Dusty L Kugler,Dusty L Kugler,Y,Dusty L Kugler
Dwain O Upham,Dwain O Upham,Y,Dwain O Upham
Dwain Upham,Dwain Upham,Y,Dwain Upham
Dwayne Marker,Dwayne Marker,Y,Dwayne Marker
Dwayne W Marker,Dwayne W Marker,Y,Dwayne W Marker
Earlean Funke,Earlean Funke,Y,Earlean Funke
Earlean Y Funke,Earlean Y Funke,Y,Earlean Y Funke
Earnest H Birkholz,Earnest H Birkholz,Y,Earnest H Birkholz
Eartha Z Oceguera,Eartha Z Oceguera,Y,Eartha Z Oceguera
Ed Shockley,Ed Shockley,Y,Ed Shockley
Ed X Shockley,Ed X Shockley,Y,Ed X Shockley
Eda O Brase,Eda O Brase,Y,Eda O Brase
Edgar Teer,Edgar Teer,Y,Edgar Teer
Edmund K Masuda,Edmund K Masuda,Y,Edmund K Masuda
Edmund Mcclung,Edmund Mcclung,Y,Edmund Mcclung
Edmundo R Rew,Edmundo R Rew,Y,Edmundo R Rew
Edra M Guthrie,Edra M Guthrie,Y,Edra M Guthrie
Effie Jelinek,Effie Jelinek,Y,Effie Jelinek
Efrain L Wass,Efrain L Wass,Y,Efrain L Wass
Efrain Moats,Efrain Moats,Y,Efrain Moats
Efren G Ager,Efren G Ager,Y,Efren G Ager
Ela K Hames,Ela K Hames,Y,Ela K Hames
Eladia A Braggs,Eladia A Braggs,Y,Eladia A Braggs
Elaine B Randazzo,Elaine B Randazzo,Y,Elaine B Randazzo
Eldridge B Bose,Eldridge B Bose,Y,Eldridge B Bose
Eldridge Bose,Eldridge Bose,Y,Eldridge Bose
Eldridge M Benningfield,Eldridge M Benningfield,Y,Eldridge M Benningfield
Eleanor D Dickson,Eleanor D Dickson,Y,Eleanor D Dickson
Eleanora Farthing,Eleanora Farthing,Y,Eleanora Farthing
Elease H Burger,Elease H Burger,Y,Elease H Burger
Elenor B Gibbs,Elenor B Gibbs,Y,Elenor B Gibbs
Elenora S Whitehill,Elenora S Whitehill,Y,Elenora S Whitehill
Elenora V Halley,Elenora V Halley,Y,Elenora V Halley
Eleonora Pollard,Eleonora Pollard,Y,Eleonora Pollard
Eleonora S Pollard,Eleonora S Pollard,Y,Eleonora S Pollard
Elias Pinkard,Elias Pinkard,Y,Elias Pinkard
Elias Y Pinkard,Elias Y Pinkard,Y,Elias Y Pinkard
Elijah P Elkin,Elijah P Elkin,Y,Elijah P Elkin
Elijah X Ahmad,Elijah X Ahmad,Y,Elijah X Ahmad
Eliz R Linneman,Eliz R Linneman,Y,Eliz R Linneman
Elliott Chess,Elliott Chess,Y,Elliott Chess
Ellis J Mccune,Ellis J Mccune,Y,Ellis J Mccune
Ellis V Mcneel,Ellis V Mcneel,Y,Ellis V Mcneel
Elmo G Pagano,Elmo G Pagano,Y,Elmo G Pagano
Elois Z Ono,Elois Z Ono,Y,Elois Z Ono
Eloise Demoss,Eloise Demoss,Y,Eloise Demoss
Eloise Z Demoss,Eloise Z Demoss,Y,Eloise Z Demoss
Elroy Kimbler,Elroy Kimbler,Y,Elroy Kimbler
Elroy L Shorts,Elroy L Shorts,Y,Elroy L Shorts
Elroy N Kimbler,Elroy N Kimbler,Y,Elroy N Kimbler
Elsie S Depaz,Elsie S Depaz,Y,Elsie S Depaz
Elsy B Latta,Elsy B Latta,Y,Elsy B Latta
Elsy Beyer,Elsy Beyer,Y,Elsy Beyer
Elvis J Stroh,Elvis J Stroh,Y,Elvis J Stroh
Elvis Stroh,Elvis Stroh,Y,Elvis Stroh
Elvis Veiga,Elvis Veiga,Y,Elvis Veiga
Elwood T More,Elwood T More,Y,Elwood T More
Emeline I Richer,Emeline I Richer,Y,Emeline I Richer
Emery P Sorrells,Emery P Sorrells,Y,Emery P Sorrells
Emiko Z Lolley,Emiko Z Lolley,Y,Emiko Z Lolley
Emile Aponte,Emile Aponte,Y,Emile Aponte
Emma Dice,Emma Dice,Y,Emma Dice
Emma Monti,Emma Monti,Y,Emma Monti
Emma X Monti,Emma X Monti,Y,Emma X Monti
Emmanuel G Chamorro,Emmanuel G Chamorro,Y,Emmanuel G Chamorro
Emmitt X Plante,Emmitt X Plante,Y,Emmitt X Plante
Employees,Employees,Y,Employees
Ena Mullins,Ena Mullins,Y,Ena Mullins
Ena Thor,Ena Thor,Y,Ena Thor
Enda Kirchner,Enda Kirchner,Y,Enda Kirchner
Eric C Irvine,Eric C Irvine,Y,Eric C Irvine
Erica S Harlan,Erica S Harlan,Y,Erica S Harlan
Erik W Steffen,Erik W Steffen,Y,Erik W Steffen
Erin K Stclair,Erin K Stclair,Y,Erin K Stclair
Erin L Jasmin,Erin L Jasmin,Y,Erin L Jasmin
Ernestine E Fludd,Ernestine E Fludd,Y,Ernestine E Fludd
Ernestine Fludd,Ernestine Fludd,Y,Ernestine Fludd
Esmeralda N Veliz,Esmeralda N Veliz,Y,Esmeralda N Veliz
Estella E Miley,Estella E Miley,Y,Estella E Miley
Etsuko O Wilmot,Etsuko O Wilmot,Y,Etsuko O Wilmot
Ettie S Stilwell,Ettie S Stilwell,Y,Ettie S Stilwell
Eveline B Strecker,Eveline B Strecker,Y,Eveline B Strecker
Evon Q Lawson,Evon Q Lawson,Y,Evon Q Lawson
Ewa B Staples,Ewa B Staples,Y,Ewa B Staples
Exie C Bradham,Exie C Bradham,Y,Exie C Bradham
Ezequiel N Shell,Ezequiel N Shell,Y,Ezequiel N Shell
Ezra Calvert,Ezra Calvert,Y,Ezra Calvert
Fabian Say,Fabian Say,Y,Fabian Say
Faustino Scheffel,Faustino Scheffel,Y,Faustino Scheffel
Fawn Buckman,Fawn Buckman,Y,Fawn Buckman
Fe A Schrock,Fe A Schrock,Y,Fe A Schrock
Federico B Edmond,Federico B Edmond,Y,Federico B Edmond
Federico Edmond,Federico Edmond,Y,Federico Edmond
Federico I Carlile,Federico I Carlile,Y,Federico I Carlile
Felisha Q Ettinger,Felisha Q Ettinger,Y,Felisha Q Ettinger
Felix S Croker,Felix S Croker,Y,Felix S Croker
Femi Grek,Femi Grek,Y,Femi Grek
Ferdinand Ramsdell,Ferdinand Ramsdell,Y,Ferdinand Ramsdell
Fermin L Zapata,Fermin L Zapata,Y,Fermin L Zapata
Fernando Korhonen,Fernando Korhonen,Y,Fernando Korhonen
Fernando S Korhonen,Fernando S Korhonen,Y,Fernando S Korhonen
Forest Z Blewett,Forest Z Blewett,Y,Forest Z Blewett
Forest Z Hacker,Forest Z Hacker,Y,Forest Z Hacker
Forrest Q Zell,Forrest Q Zell,Y,Forrest Q Zell
Francis O Encarnacion,Francis O Encarnacion,Y,Francis O Encarnacion
Frank O Mallon,Frank O Mallon,Y,Frank O Mallon
Frankie I Speed,Frankie I Speed,Y,Frankie I Speed
Franklyn V Hummell,Franklyn V Hummell,Y,Franklyn V Hummell
Freddie C Headen,Freddie C Headen,Y,Freddie C Headen
Freddy A Rolling,Freddy A Rolling,Y,Freddy A Rolling
Freddy Rolling,Freddy Rolling,Y,Freddy Rolling
Fredericka J Varney,Fredericka J Varney,Y,Fredericka J Varney
Gabriel E Pearsall,Gabriel E Pearsall,Y,Gabriel E Pearsall
Gabriel S Beale,Gabriel S Beale,Y,Gabriel S Beale
Galina G Woodbury,Galina G Woodbury,Y,Galina G Woodbury
Garland J Verville,Garland J Verville,Y,Garland J Verville
Garland Z Leavell,Garland Z Leavell,Y,Garland Z Leavell
Garnett Dryer,Garnett Dryer,Y,Garnett Dryer
Garret Flakes,Garret Flakes,Y,Garret Flakes
Garrett Nolette,Garrett Nolette,Y,Garrett Nolette
Garrett S Nolette,Garrett S Nolette,Y,Garrett S Nolette
Gavin V Mckillip,Gavin V Mckillip,Y,Gavin V Mckillip
Gearldine Stolte,Gearldine Stolte,Y,Gearldine Stolte
Gema S Grover,Gema S Grover,Y,Gema S Grover
Gemma I Chilton,Gemma I Chilton,Y,Gemma I Chilton
Genaro Lukasik,Genaro Lukasik,Y,Genaro Lukasik
George U Clouser,George U Clouser,Y,George U Clouser
Georgiann C Harrell,Georgiann C Harrell,Y,Georgiann C Harrell
Georgiann Harrell,Georgiann Harrell,Y,Georgiann Harrell
Gerardo Q Bergen,Gerardo Q Bergen,Y,Gerardo Q Bergen
Geri M Tuthill,Geri M Tuthill,Y,Geri M Tuthill
Gerry D Woolery,Gerry D Woolery,Y,Gerry D Woolery
Gerry Harvey,Gerry Harvey,Y,Gerry Harvey
Gerry X Koh,Gerry X Koh,Y,Gerry X Koh
Gertrud B Glidden,Gertrud B Glidden,Y,Gertrud B Glidden
Gertrud Glidden,Gertrud Glidden,Y,Gertrud Glidden
Gia M Casas,Gia M Casas,Y,Gia M Casas
Gidget X Loring,Gidget X Loring,Y,Gidget X Loring
Gilbert M Wolfgram,Gilbert M Wolfgram,Y,Gilbert M Wolfgram
Gilbert Z Bloss,Gilbert Z Bloss,Y,Gilbert Z Bloss
Gilberto U Greaves,Gilberto U Greaves,Y,Gilberto U Greaves
Giovanna M Clift,Giovanna M Clift,Y,Giovanna M Clift
Giuseppe D Chouinard,Giuseppe D Chouinard,Y,Giuseppe D Chouinard
Giuseppina Dagostino,Giuseppina Dagostino,Y,Giuseppina Dagostino
Giuseppina E Fink,Giuseppina E Fink,Y,Giuseppina E Fink
Giuseppina N Dagostino,Giuseppina N Dagostino,Y,Giuseppina N Dagostino
Glady Q Kump,Glady Q Kump,Y,Glady Q Kump
Glenn N Vinyard,Glenn N Vinyard,Y,Glenn N Vinyard
Glenn Vinyard,Glenn Vinyard,Y,Glenn Vinyard
Gracie P Lett,Gracie P Lett,Y,Gracie P Lett
Grady Y Perera,Grady Y Perera,Y,Grady Y Perera
Graham O Romeo,Graham O Romeo,Y,Graham O Romeo
Gregorio H Hottinger,Gregorio H Hottinger,Y,Gregorio H Hottinger
Gregory I Kidwell,Gregory I Kidwell,Y,Gregory I Kidwell
Grisel R Whitty,Grisel R Whitty,Y,Grisel R Whitty
Grisel Sutton,Grisel Sutton,Y,Grisel Sutton
Grover Mcgahey,Grover Mcgahey,Y,Grover Mcgahey
Guillermo X Schwan,Guillermo X Schwan,Y,Guillermo X Schwan
Gustavo F Rouse,Gustavo F Rouse,Y,Gustavo F Rouse
Guy S Troy,Guy S Troy,Y,Guy S Troy
Gwyn E Etzel,Gwyn E Etzel,Y,Gwyn E Etzel
Gwyn Etzel,Gwyn Etzel,Y,Gwyn Etzel
Gwyn I Parish,Gwyn I Parish,Y,Gwyn I Parish
Gwyn N Mitzel,Gwyn N Mitzel,Y,Gwyn N Mitzel
Hai Y Arden,Hai Y Arden,Y,Hai Y Arden
Hal K Kells,Hal K Kells,Y,Hal K Kells
Hal Kells,Hal Kells,Y,Hal Kells
Haley G Bova,Haley G Bova,Y,Haley G Bova
Hannah K Ma,Hannah K Ma,Y,Hannah K Ma
Hans G Koh,Hans G Koh,Y,Hans G Koh
Harland S Renshaw,Harland S Renshaw,Y,Harland S Renshaw
Harriett A Mccurry,Harriett A Mccurry,Y,Harriett A Mccurry
Hassan Radabaugh,Hassan Radabaugh,Y,Hassan Radabaugh
Hayden E Novack,Hayden E Novack,Y,Hayden E Novack
Hayden J Jang,Hayden J Jang,Y,Hayden J Jang
Heath Aikin,Heath Aikin,Y,Heath Aikin
Heath Fell,Heath Fell,Y,Heath Fell
Heath K Fell,Heath K Fell,Y,Heath K Fell
Herb B Irving,Herb B Irving,Y,Herb B Irving
Heriberto Rollo,Heriberto Rollo,Y,Heriberto Rollo
Heriberto Starkey,Heriberto Starkey,Y,Heriberto Starkey
Heriberto Y Starkey,Heriberto Y Starkey,Y,Heriberto Y Starkey
Herlinda U Negron,Herlinda U Negron,Y,Herlinda U Negron
Hermila X Crosslin,Hermila X Crosslin,Y,Hermila X Crosslin
Hester B Cabana,Hester B Cabana,Y,Hester B Cabana
Hettie S Lauber,Hettie S Lauber,Y,Hettie S Lauber
Hiram K Stokely,Hiram K Stokely,Y,Hiram K Stokely
Holley M Cathcart,Holley M Cathcart,Y,Holley M Cathcart
Holli G Ethridge,Holli G Ethridge,Y,Holli G Ethridge
Hollis Z Carr,Hollis Z Carr,Y,Hollis Z Carr
Homer Hollowell,Homer Hollowell,Y,Homer Hollowell
Honey D Eaves,Honey D Eaves,Y,Honey D Eaves
Hong M Townson,Hong M Townson,Y,Hong M Townson
Horace Hobart,Horace Hobart,Y,Horace Hobart
Horacio S Salazar,Horacio S Salazar,Y,Horacio S Salazar
Hosea B Michelson,Hosea B Michelson,Y,Hosea B Michelson
Houston K Joe,Houston K Joe,Y,Houston K Joe
Hoyt O Reiss,Hoyt O Reiss,Y,Hoyt O Reiss
Hubert L Kirkland,Hubert L Kirkland,Y,Hubert L Kirkland
Hugh N Chavira,Hugh N Chavira,Y,Hugh N Chavira
Hui Bizzell,Hui Bizzell,Y,Hui Bizzell
Hui E Bizzell,Hui E Bizzell,Y,Hui E Bizzell
Hung H Nicola,Hung H Nicola,Y,Hung H Nicola
Hyun M Gloss,Hyun M Gloss,Y,Hyun M Gloss
Hyun Z Bynoe,Hyun Z Bynoe,Y,Hyun Z Bynoe
Iliana Fogle,Iliana Fogle,Y,Iliana Fogle
Iliana M Fogle,Iliana M Fogle,Y,Iliana M Fogle
Ilse X Harr,Ilse X Harr,Y,Ilse X Harr
Ingeborg Z Weisser,Ingeborg Z Weisser,Y,Ingeborg Z Weisser
Inger Gillan,Inger Gillan,Y,Inger Gillan
Inocencia Z Buteau,Inocencia Z Buteau,Y,Inocencia Z Buteau
Irene Ellerbee,Irene Ellerbee,Y,Irene Ellerbee
Irving C Pillar,Irving C Pillar,Y,Irving C Pillar
Irwin River,Irwin River,Y,Irwin River
Isaac O Dempster,Isaac O Dempster,Y,Isaac O Dempster
Isaac Tsan,Isaac Tsan,Y,Isaac Tsan
Isabella X Russell,Isabella X Russell,Y,Isabella X Russell
Isaiah G Parrish,Isaiah G Parrish,Y,Isaiah G Parrish
Isaiah Y Magwood,Isaiah Y Magwood,Y,Isaiah Y Magwood
Isiah S Coppock,Isiah S Coppock,Y,Isiah S Coppock
Isiah Wilkie,Isiah Wilkie,Y,Isiah Wilkie
Isis F Hash,Isis F Hash,Y,Isis F Hash
Isis N Rufus,Isis N Rufus,Y,Isis N Rufus
Isobel K Dance,Isobel K Dance,Y,Isobel K Dance
Israel T Hertzler,Israel T Hertzler,Y,Israel T Hertzler
Isreal F Metoyer,Isreal F Metoyer,Y,Isreal F Metoyer
Isreal Metoyer,Isreal Metoyer,Y,Isreal Metoyer
Ivan A Groner,Ivan A Groner,Y,Ivan A Groner
Izetta B Alford,Izetta B Alford,Y,Izetta B Alford
Izola E Ye,Izola E Ye,Y,Izola E Ye
Jacinda X Michalec,Jacinda X Michalec,Y,Jacinda X Michalec
Jacinta Y Cheney,Jacinta Y Cheney,Y,Jacinta Y Cheney
Jack J Warfel,Jack J Warfel,Y,Jack J Warfel
Jack Partin,Jack Partin,Y,Jack Partin
Jackie P Montague,Jackie P Montague,Y,Jackie P Montague
Jackie Sachs,Jackie Sachs,Y,Jackie Sachs
Jae B Isabell,Jae B Isabell,Y,Jae B Isabell
Jaleesa I Averett,Jaleesa I Averett,Y,Jaleesa I Averett
Jamaal Resto,Jamaal Resto,Y,Jamaal Resto
Jamaal Z Resto,Jamaal Z Resto,Y,Jamaal Z Resto
Jamal G Dimarco,Jamal G Dimarco,Y,Jamal G Dimarco
Jamel Meaney,Jamel Meaney,Y,Jamel Meaney
Jamey S Seim,Jamey S Seim,Y,Jamey S Seim
Jamison Crutchfield,Jamison Crutchfield,Y,Jamison Crutchfield
Jamison U Crutchfield,Jamison U Crutchfield,Y,Jamison U Crutchfield
Janean A Tyler,Janean A Tyler,Y,Janean A Tyler
Janessa M Drennen,Janessa M Drennen,Y,Janessa M Drennen
Janie P Caswell,Janie P Caswell,Y,Janie P Caswell
Jaquelyn C Holzman,Jaquelyn C Holzman,Y,Jaquelyn C Holzman
Jarred C Class,Jarred C Class,Y,Jarred C Class
Jarred Class,Jarred Class,Y,Jarred Class
Jason V Gravois,Jason V Gravois,Y,Jason V Gravois
Jasper P Barnaby,Jasper P Barnaby,Y,Jasper P Barnaby
Jayme B Shimer,Jayme B Shimer,Y,Jayme B Shimer
Jayson S Carrol,Jayson S Carrol,Y,Jayson S Carrol
Jazmin Wheless,Jazmin Wheless,Y,Jazmin Wheless
Jc Meyers,Jc Meyers,Y,Jc Meyers
Jc S Meyers,Jc S Meyers,Y,Jc S Meyers
Jeanetta N Norden,Jeanetta N Norden,Y,Jeanetta N Norden
Jeanna U Li,Jeanna U Li,Y,Jeanna U Li
Jeff E Lucero,Jeff E Lucero,Y,Jeff E Lucero
Jeff Mallon,Jeff Mallon,Y,Jeff Mallon
Jeff W Zacarias,Jeff W Zacarias,Y,Jeff W Zacarias
Jefferey Folkerts,Jefferey Folkerts,Y,Jefferey Folkerts
Jefferson N Thurman,Jefferson N Thurman,Y,Jefferson N Thurman
Jeffery A Brafford,Jeffery A Brafford,Y,Jeffery A Brafford
Jeffrey Berg,Jeffrey Berg,Y,Jeffrey Berg
Jenell S Sauers,Jenell S Sauers,Y,Jenell S Sauers
Jeneva Y Bybee,Jeneva Y Bybee,Y,Jeneva Y Bybee
Jennefer Ours,Jennefer Ours,Y,Jennefer Ours
Jenni Olguin,Jenni Olguin,Y,Jenni Olguin
Jennifer Z Pridgen,Jennifer Z Pridgen,Y,Jennifer Z Pridgen
Jeramy F Metoyer,Jeramy F Metoyer,Y,Jeramy F Metoyer
Jeramy T Londono,Jeramy T Londono,Y,Jeramy T Londono
Jeremiah Harriss,Jeremiah Harriss,Y,Jeremiah Harriss
Jeremiah N Curran,Jeremiah N Curran,Y,Jeremiah N Curran
Jeremy Belew,Jeremy Belew,Y,Jeremy Belew
Jerlene P Dunnigan,Jerlene P Dunnigan,Y,Jerlene P Dunnigan
Jerome P Whitefield,Jerome P Whitefield,Y,Jerome P Whitefield
Jerome Spangler,Jerome Spangler,Y,Jerome Spangler
Jerome Whitefield,Jerome Whitefield,Y,Jerome Whitefield
Jerrell Mcfarlin,Jerrell Mcfarlin,Y,Jerrell Mcfarlin
Jerri Dunkle,Jerri Dunkle,Y,Jerri Dunkle
Jesus E Mclelland,Jesus E Mclelland,Y,Jesus E Mclelland
Jesus H Guillen,Jesus H Guillen,Y,Jesus H Guillen
Jesus Tafolla,Jesus Tafolla,Y,Jesus Tafolla
Jewel R Willhite,Jewel R Willhite,Y,Jewel R Willhite
Jillian Harry,Jillian Harry,Y,Jillian Harry
Jim J Lurie,Jim J Lurie,Y,Jim J Lurie
Jimmie A Rorie,Jimmie A Rorie,Y,Jimmie A Rorie
Jimmie Esqueda,Jimmie Esqueda,Y,Jimmie Esqueda
Jimmie F Vasquez,Jimmie F Vasquez,Y,Jimmie F Vasquez
Jimmy Canaday,Jimmy Canaday,Y,Jimmy Canaday
Joanie N Folkerts,Joanie N Folkerts,Y,Joanie N Folkerts
Joanna Deforest,Joanna Deforest,Y,Joanna Deforest
Joanna H Deforest,Joanna H Deforest,Y,Joanna H Deforest
Joanna M Sandefur,Joanna M Sandefur,Y,Joanna M Sandefur
Joannie E Wolters,Joannie E Wolters,Y,Joannie E Wolters
Joaquin Vaz,Joaquin Vaz,Y,Joaquin Vaz
Jocelyn Q Scotti,Jocelyn Q Scotti,Y,Jocelyn Q Scotti
Jody K Rude,Jody K Rude,Y,Jody K Rude
Jody Slavens,Jody Slavens,Y,Jody Slavens
Joel S Maine,Joel S Maine,Y,Joel S Maine
Joesph Y Shrout,Joesph Y Shrout,Y,Joesph Y Shrout
Johnie Centers,Johnie Centers,Y,Johnie Centers
Johnie V Centers,Johnie V Centers,Y,Johnie V Centers
Jolanda Dewees,Jolanda Dewees,Y,Jolanda Dewees
Jolanda L Dewees,Jolanda L Dewees,Y,Jolanda L Dewees
Joleen H Chea,Joleen H Chea,Y,Joleen H Chea
Joline Frisby,Joline Frisby,Y,Joline Frisby
Jon Arvizu,Jon Arvizu,Y,Jon Arvizu
Jon Behler,Jon Behler,Y,Jon Behler
Jong Borchers,Jong Borchers,Y,Jong Borchers
Jong U Borchers,Jong U Borchers,Y,Jong U Borchers
Jordan D Phu,Jordan D Phu,Y,Jordan D Phu
Jordan Phu,Jordan Phu,Y,Jordan Phu
Jorge R Coghlan,Jorge R Coghlan,Y,Jorge R Coghlan
Jose P Tubbs,Jose P Tubbs,Y,Jose P Tubbs
Josette Betancourt,Josette Betancourt,Y,Josette Betancourt
Josette R Betancourt,Josette R Betancourt,Y,Josette R Betancourt
Josiah R Gutierres,Josiah R Gutierres,Y,Josiah R Gutierres
Josie Hofman,Josie Hofman,Y,Josie Hofman
Judith D Gourdine,Judith D Gourdine,Y,Judith D Gourdine
Judith Gourdine,Judith Gourdine,Y,Judith Gourdine
Judson Y Hodson,Judson Y Hodson,Y,Judson Y Hodson
Jules Shugart,Jules Shugart,Y,Jules Shugart
Julio Bryce,Julio Bryce,Y,Julio Bryce
Julio Dockery,Julio Dockery,Y,Julio Dockery
Julio P Bryce,Julio P Bryce,Y,Julio P Bryce
Julio P Dockery,Julio P Dockery,Y,Julio P Dockery
Julius N Bakker,Julius N Bakker,Y,Julius N Bakker
Julius Q Stock,Julius Q Stock,Y,Julius Q Stock
Junita Huhn,Junita Huhn,Y,Junita Huhn
Junita Y Huhn,Junita Y Huhn,Y,Junita Y Huhn
Kaci Whitacre,Kaci Whitacre,Y,Kaci Whitacre
Kacy Cairns,Kacy Cairns,Y,Kacy Cairns
Kali Kennamer,Kali Kennamer,Y,Kali Kennamer
Kandis Owenby,Kandis Owenby,Y,Kandis Owenby
Karie Renninger,Karie Renninger,Y,Karie Renninger
Karima Metivier,Karima Metivier,Y,Karima Metivier
Karisa B Glidewell,Karisa B Glidewell,Y,Karisa B Glidewell
Karisa Glidewell,Karisa Glidewell,Y,Karisa Glidewell
Karl O Langlinais,Karl O Langlinais,Y,Karl O Langlinais
Karlene L Mckean,Karlene L Mckean,Y,Karlene L Mckean
Kasi Blakeslee,Kasi Blakeslee,Y,Kasi Blakeslee
Kassie Akers,Kassie Akers,Y,Kassie Akers
Kassie Q Binder,Kassie Q Binder,Y,Kassie Q Binder
Kate O Paull,Kate O Paull,Y,Kate O Paull
Katelin F Coney,Katelin F Coney,Y,Katelin F Coney
Katheryn Holtzclaw,Katheryn Holtzclaw,Y,Katheryn Holtzclaw
Katia Foran,Katia Foran,Y,Katia Foran
Katie N Kinnison,Katie N Kinnison,Y,Katie N Kinnison
Kaye Tubbs,Kaye Tubbs,Y,Kaye Tubbs
Keenan W Spruell,Keenan W Spruell,Y,Keenan W Spruell
Keila A Lucas,Keila A Lucas,Y,Keila A Lucas
Keila F Lofland,Keila F Lofland,Y,Keila F Lofland
Keira Till,Keira Till,Y,Keira Till
Keira Y Till,Keira Y Till,Y,Keira Y Till
Keith B Macha,Keith B Macha,Y,Keith B Macha
Keith E Moyes,Keith E Moyes,Y,Keith E Moyes
Keith Q Ofarrell,Keith Q Ofarrell,Y,Keith Q Ofarrell
Keitha Foran,Keitha Foran,Y,Keitha Foran
Kellee L Gravelle,Kellee L Gravelle,Y,Kellee L Gravelle
Ken X Weisberg,Ken X Weisberg,Y,Ken X Weisberg
Kendrick Burchette,Kendrick Burchette,Y,Kendrick Burchette
Kendrick C Burchette,Kendrick C Burchette,Y,Kendrick C Burchette
Kenneth Lucius,Kenneth Lucius,Y,Kenneth Lucius
Kenton Q Villalta,Kenton Q Villalta,Y,Kenton Q Villalta
Kenton Villalta,Kenton Villalta,Y,Kenton Villalta
Kermit L Mcphail,Kermit L Mcphail,Y,Kermit L Mcphail
Kermit Mcphail,Kermit Mcphail,Y,Kermit Mcphail
Kerri Y Card,Kerri Y Card,Y,Kerri Y Card
Keven A Jewell,Keven A Jewell,Y,Keven A Jewell
Keven Bingham,Keven Bingham,Y,Keven Bingham
Keven F Bingham,Keven F Bingham,Y,Keven F Bingham
Keven H Araiza,Keven H Araiza,Y,Keven H Araiza
Khalilah A Campo,Khalilah A Campo,Y,Khalilah A Campo
Kiara G Abrahamson,Kiara G Abrahamson,Y,Kiara G Abrahamson
Kiara T Martinez,Kiara T Martinez,Y,Kiara T Martinez
Kieth D Castelli,Kieth D Castelli,Y,Kieth D Castelli
Kieth G Coney,Kieth G Coney,Y,Kieth G Coney
Kimberlee J Hawkins,Kimberlee J Hawkins,Y,Kimberlee J Hawkins
Kimberly Duquette,Kimberly Duquette,Y,Kimberly Duquette
Kimberly K Carr,Kimberly K Carr,Y,Kimberly K Carr
Kindra V Cruickshank,Kindra V Cruickshank,Y,Kindra V Cruickshank
Kirby W Estrella,Kirby W Estrella,Y,Kirby W Estrella
Kirstie Macey,Kirstie Macey,Y,Kirstie Macey
Kirstie W Macey,Kirstie W Macey,Y,Kirstie W Macey
Kitty S Sickles,Kitty S Sickles,Y,Kitty S Sickles
Kizzy W Brazelton,Kizzy W Brazelton,Y,Kizzy W Brazelton
Korey I Garrity,Korey I Garrity,Y,Korey I Garrity
Korey U Eddington,Korey U Eddington,Y,Korey U Eddington
Kori J Fairfax,Kori J Fairfax,Y,Kori J Fairfax
Kraig P Brownfield,Kraig P Brownfield,Y,Kraig P Brownfield
Kris Bice,Kris Bice,Y,Kris Bice
Kris L Bice,Kris L Bice,Y,Kris L Bice
Krishna G Raby,Krishna G Raby,Y,Krishna G Raby
Krissy S Valazquez,Krissy S Valazquez,Y,Krissy S Valazquez
Kristal F Bickford,Kristal F Bickford,Y,Kristal F Bickford
Kristen A Beauchemin,Kristen A Beauchemin,Y,Kristen A Beauchemin
Kristie E Jain,Kristie E Jain,Y,Kristie E Jain
Kristle D Figgs,Kristle D Figgs,Y,Kristle D Figgs
Kristofer N Calahan,Kristofer N Calahan,Y,Kristofer N Calahan
Kristofer Y Fizer,Kristofer Y Fizer,Y,Kristofer Y Fizer
Kristopher Alejos,Kristopher Alejos,Y,Kristopher Alejos
Kurtis C Irons,Kurtis C Irons,Y,Kurtis C Irons
Kylie K Freda,Kylie K Freda,Y,Kylie K Freda
Lacy Deshotel,Lacy Deshotel,Y,Lacy Deshotel
Lacy Q Deshotel,Lacy Q Deshotel,Y,Lacy Q Deshotel
Lakenya Z Mccroskey,Lakenya Z Mccroskey,Y,Lakenya Z Mccroskey
Lala C Marquez,Lala C Marquez,Y,Lala C Marquez
Lala R Denman,Lala R Denman,Y,Lala R Denman
Lamar A Partida,Lamar A Partida,Y,Lamar A Partida
Lamar L Legg,Lamar L Legg,Y,Lamar L Legg
Lamar W Estill,Lamar W Estill,Y,Lamar W Estill
Lamont J Brescia,Lamont J Brescia,Y,Lamont J Brescia
Lance Pennington,Lance Pennington,Y,Lance Pennington
Lanelle W Berlanga,Lanelle W Berlanga,Y,Lanelle W Berlanga
Larisa Still,Larisa Still,Y,Larisa Still
Larisa X Strauss,Larisa X Strauss,Y,Larisa X Strauss
Larry K Mash,Larry K Mash,Y,Larry K Mash
Larry Osby,Larry Osby,Y,Larry Osby
Lashaunda Y Munden,Lashaunda Y Munden,Y,Lashaunda Y Munden
Latanya C Law,Latanya C Law,Y,Latanya C Law
Latia Gleaton,Latia Gleaton,Y,Latia Gleaton
Latrice Kirch,Latrice Kirch,Y,Latrice Kirch
Launa N Kohl,Launa N Kohl,Y,Launa N Kohl
Lauren O Guzzi,Lauren O Guzzi,Y,Lauren O Guzzi
Lauren R Hennessy,Lauren R Hennessy,Y,Lauren R Hennessy
Laurena P Caston,Laurena P Caston,Y,Laurena P Caston
Laurence K Ryles,Laurence K Ryles,Y,Laurence K Ryles
Laurinda Dinh,Laurinda Dinh,Y,Laurinda Dinh
Lavada Maldanado,Lavada Maldanado,Y,Lavada Maldanado
Lavada W Maldanado,Lavada W Maldanado,Y,Lavada W Maldanado
Lavette P Cheney,Lavette P Cheney,Y,Lavette P Cheney
Lawerence W Abernethy,Lawerence W Abernethy,Y,Lawerence W Abernethy
Leanna X Tibbetts,Leanna X Tibbetts,Y,Leanna X Tibbetts
Leda X Haskell,Leda X Haskell,Y,Leda X Haskell
Leda Y Fabre,Leda Y Fabre,Y,Leda Y Fabre
Leif Harness,Leif Harness,Y,Leif Harness
Leif Y Harness,Leif Y Harness,Y,Leif Y Harness
Leigh Y Haws,Leigh Y Haws,Y,Leigh Y Haws
Leland C Fifield,Leland C Fifield,Y,Leland C Fifield
Leland David,Leland David,Y,Leland David
Lemuel V Darden,Lemuel V Darden,Y,Lemuel V Darden
Lemuel W Hardman,Lemuel W Hardman,Y,Lemuel W Hardman
Lenny U Rister,Lenny U Rister,Y,Lenny U Rister
Leonel S Yuan,Leonel S Yuan,Y,Leonel S Yuan
Leonia Y Derosier,Leonia Y Derosier,Y,Leonia Y Derosier
Leonore Reason,Leonore Reason,Y,Leonore Reason
Leopoldo U Hole,Leopoldo U Hole,Y,Leopoldo U Hole
Leroy H Styron,Leroy H Styron,Y,Leroy H Styron
Les Priolo,Les Priolo,Y,Les Priolo
Les V Bejarano,Les V Bejarano,Y,Les V Bejarano
Les V Gran,Les V Gran,Y,Les V Gran
Lesha K Cai,Lesha K Cai,Y,Lesha K Cai
Lesley Macpherson,Lesley Macpherson,Y,Lesley Macpherson
Leslie I Stolte,Leslie I Stolte,Y,Leslie I Stolte
Leslie Stolte,Leslie Stolte,Y,Leslie Stolte
Lester Coldiron,Lester Coldiron,Y,Lester Coldiron
Letha L Apel,Letha L Apel,Y,Letha L Apel
Leticia V Lewandowski,Leticia V Lewandowski,Y,Leticia V Lewandowski
Lewis M Racette,Lewis M Racette,Y,Lewis M Racette
Lezlie Z Bohannan,Lezlie Z Bohannan,Y,Lezlie Z Bohannan
Lia J Liner,Lia J Liner,Y,Lia J Liner
Lia Liner,Lia Liner,Y,Lia Liner
Liana T Quesenberry,Liana T Quesenberry,Y,Liana T Quesenberry
Liane U Grafton,Liane U Grafton,Y,Liane U Grafton
Lianne M Sweeney,Lianne M Sweeney,Y,Lianne M Sweeney
Lianne Sweeney,Lianne Sweeney,Y,Lianne Sweeney
Liberty A Shroyer,Liberty A Shroyer,Y,Liberty A Shroyer
Lidia Kuiper,Lidia Kuiper,Y,Lidia Kuiper
Lidia S Gerling,Lidia S Gerling,Y,Lidia S Gerling
Ligia Hoeft,Ligia Hoeft,Y,Ligia Hoeft
Lilli Tartt,Lilli Tartt,Y,Lilli Tartt
Lincoln D Cauley,Lincoln D Cauley,Y,Lincoln D Cauley
Lincoln D Demaria,Lincoln D Demaria,Y,Lincoln D Demaria
Lincoln Demaria,Lincoln Demaria,Y,Lincoln Demaria
Lindsey W Whittle,Lindsey W Whittle,Y,Lindsey W Whittle
Lindy M Reel,Lindy M Reel,Y,Lindy M Reel
Linette Q Menard,Linette Q Menard,Y,Linette Q Menard
Linh U Ashton,Linh U Ashton,Y,Linh U Ashton
Linn Plummer,Linn Plummer,Y,Linn Plummer
Lino M Lizarraga,Lino M Lizarraga,Y,Lino M Lizarraga
Linsey P Orsini,Linsey P Orsini,Y,Linsey P Orsini
Linwood H Carter,Linwood H Carter,Y,Linwood H Carter
Linwood J Franqui,Linwood J Franqui,Y,Linwood J Franqui
Lisa C Sheridan,Lisa C Sheridan,Y,Lisa C Sheridan
Lisette F Cowley,Lisette F Cowley,Y,Lisette F Cowley
Liz R Lomonaco,Liz R Lomonaco,Y,Liz R Lomonaco
Lizzette G Moyle,Lizzette G Moyle,Y,Lizzette G Moyle
Lizzette Moyle,Lizzette Moyle,Y,Lizzette Moyle
Lizzie D Ratcliff,Lizzie D Ratcliff,Y,Lizzie D Ratcliff
Logan D Berryman,Logan D Berryman,Y,Logan D Berryman
Lois Cozad,Lois Cozad,Y,Lois Cozad
Lona T Collar,Lona T Collar,Y,Lona T Collar
Londa Petrey,Londa Petrey,Y,Londa Petrey
Londa T Maya,Londa T Maya,Y,Londa T Maya
Loraine Barnes,Loraine Barnes,Y,Loraine Barnes
Loralee V Ball,Loralee V Ball,Y,Loralee V Ball
Loren H Mckenzie,Loren H Mckenzie,Y,Loren H Mckenzie
Loren I Casady,Loren I Casady,Y,Loren I Casady
Loren Isaac,Loren Isaac,Y,Loren Isaac
Lorette Y Petrillo,Lorette Y Petrillo,Y,Lorette Y Petrillo
Lorri Garney,Lorri Garney,Y,Lorri Garney
Lorriane P Ho,Lorriane P Ho,Y,Lorriane P Ho
Lottie Bonin,Lottie Bonin,Y,Lottie Bonin
Lottie G Bonin,Lottie G Bonin,Y,Lottie G Bonin
Lou Baine,Lou Baine,Y,Lou Baine
Louann X Sakamoto,Louann X Sakamoto,Y,Louann X Sakamoto
Love G Lent,Love G Lent,Y,Love G Lent
Lowell Demmer,Lowell Demmer,Y,Lowell Demmer
Lucas Funes,Lucas Funes,Y,Lucas Funes
Lucas P Funes,Lucas P Funes,Y,Lucas P Funes
Luciana N Campfield,Luciana N Campfield,Y,Luciana N Campfield
Lucienne U Clyne,Lucienne U Clyne,Y,Lucienne U Clyne
Lucinda Z Borton,Lucinda Z Borton,Y,Lucinda Z Borton
Lucius C Moorhead,Lucius C Moorhead,Y,Lucius C Moorhead
Lucy Reiser,Lucy Reiser,Y,Lucy Reiser
Luella W Kemmerer,Luella W Kemmerer,Y,Luella W Kemmerer
Luigi G Lembo,Luigi G Lembo,Y,Luigi G Lembo
Luke S Tumlin,Luke S Tumlin,Y,Luke S Tumlin
Lyla Donald,Lyla Donald,Y,Lyla Donald
Lyla Q Donald,Lyla Q Donald,Y,Lyla Q Donald
Lyn Q Tso,Lyn Q Tso,Y,Lyn Q Tso
Lyn Tso,Lyn Tso,Y,Lyn Tso
Lyndon Dunkley,Lyndon Dunkley,Y,Lyndon Dunkley
Lynn M Blocher,Lynn M Blocher,Y,Lynn M Blocher
Lynwood Durfee,Lynwood Durfee,Y,Lynwood Durfee
Lynwood Q Durfee,Lynwood Q Durfee,Y,Lynwood Q Durfee
Mac Lineberry,Mac Lineberry,Y,Mac Lineberry
Mac U Palmquist,Mac U Palmquist,Y,Mac U Palmquist
Mac V Lineberry,Mac V Lineberry,Y,Mac V Lineberry
Mack L Lykes,Mack L Lykes,Y,Mack L Lykes
Madalene J Martine,Madalene J Martine,Y,Madalene J Martine
Madelyn W Boos,Madelyn W Boos,Y,Madelyn W Boos
Magaly Mcneel,Magaly Mcneel,Y,Magaly Mcneel
Magaly U Mcneel,Magaly U Mcneel,Y,Magaly U Mcneel
Maire Mair,Maire Mair,Y,Maire Mair
Malcolm Y Bonaparte,Malcolm Y Bonaparte,Y,Malcolm Y Bonaparte
Malcom Darrah,Malcom Darrah,Y,Malcom Darrah
Malcom L Meister,Malcom L Meister,Y,Malcom L Meister
Man W Bean,Man W Bean,Y,Man W Bean
Mandy Lavalley,Mandy Lavalley,Y,Mandy Lavalley
Mandy W Lavalley,Mandy W Lavalley,Y,Mandy W Lavalley
Marcell T Farias,Marcell T Farias,Y,Marcell T Farias
Marcella Mapp,Marcella Mapp,Y,Marcella Mapp
Marcella Z Mapp,Marcella Z Mapp,Y,Marcella Z Mapp
Marcellus H Macintyre,Marcellus H Macintyre,Y,Marcellus H Macintyre
Marcellus Jalbert,Marcellus Jalbert,Y,Marcellus Jalbert
Marco J Desilva,Marco J Desilva,Y,Marco J Desilva
Marg Dunfee,Marg Dunfee,Y,Marg Dunfee
Margarett E Mulford,Margarett E Mulford,Y,Margarett E Mulford
Margarite E Blalock,Margarite E Blalock,Y,Margarite E Blalock
Margarito M Oxendine,Margarito M Oxendine,Y,Margarito M Oxendine
Margarito O Retana,Margarito O Retana,Y,Margarito O Retana
Margarito Retana,Margarito Retana,Y,Margarito Retana
Marget Dials,Marget Dials,Y,Marget Dials
Margit E Gallion,Margit E Gallion,Y,Margit E Gallion
Margit Gallaher,Margit Gallaher,Y,Margit Gallaher
Margrett M Confer,Margrett M Confer,Y,Margrett M Confer
Mariam F Pinheiro,Mariam F Pinheiro,Y,Mariam F Pinheiro
Mariano F Leary,Mariano F Leary,Y,Mariano F Leary
Mariano Y Kyles,Mariano Y Kyles,Y,Mariano Y Kyles
Maricela Pendergrass,Maricela Pendergrass,Y,Maricela Pendergrass
Marina X Quayle,Marina X Quayle,Y,Marina X Quayle
Maris S Briggs,Maris S Briggs,Y,Maris S Briggs
Marissa S Hughes,Marissa S Hughes,Y,Marissa S Hughes
Marivel Seiter,Marivel Seiter,Y,Marivel Seiter
Mark F Hamman,Mark F Hamman,Y,Mark F Hamman
Marketta Candelaria,Marketta Candelaria,Y,Marketta Candelaria
Markus J Lamm,Markus J Lamm,Y,Markus J Lamm
Marlana W Zak,Marlana W Zak,Y,Marlana W Zak
Marleen R Guyette,Marleen R Guyette,Y,Marleen R Guyette
Marlon M Caddell,Marlon M Caddell,Y,Marlon M Caddell
Marni O Otter,Marni O Otter,Y,Marni O Otter
Mary Y Tate,Mary Y Tate,Y,Mary Y Tate
Maryellen E Zackery,Maryellen E Zackery,Y,Maryellen E Zackery
Maryellen H Hartness,Maryellen H Hartness,Y,Maryellen H Hartness
Maryjo Mccloy,Maryjo Mccloy,Y,Maryjo Mccloy
Maryln H Springfield,Maryln H Springfield,Y,Maryln H Springfield
Marylouise Howland,Marylouise Howland,Y,Marylouise Howland
Marylyn K Ditto,Marylyn K Ditto,Y,Marylyn K Ditto
Marylynn Ealey,Marylynn Ealey,Y,Marylynn Ealey
Marylynn G Ealey,Marylynn G Ealey,Y,Marylynn G Ealey
Mason Shiflett,Mason Shiflett,Y,Mason Shiflett
Mathilda Monty,Mathilda Monty,Y,Mathilda Monty
Matt D Bramblett,Matt D Bramblett,Y,Matt D Bramblett
Mauricio I Streets,Mauricio I Streets,Y,Mauricio I Streets
Mauricio U Talty,Mauricio U Talty,Y,Mauricio U Talty
Maximina K Frates,Maximina K Frates,Y,Maximina K Frates
Maxwell Azevedo,Maxwell Azevedo,Y,Maxwell Azevedo
Maxwell H Azevedo,Maxwell H Azevedo,Y,Maxwell H Azevedo
Maybelle Rush,Maybelle Rush,Y,Maybelle Rush
Mckinley H Scofield,Mckinley H Scofield,Y,Mckinley H Scofield
Meda I Hayner,Meda I Hayner,Y,Meda I Hayner
Mei H Silvera,Mei H Silvera,Y,Mei H Silvera
Melida R Corle,Melida R Corle,Y,Melida R Corle
Mellissa Hembree,Mellissa Hembree,Y,Mellissa Hembree
Mervin E Goering,Mervin E Goering,Y,Mervin E Goering
Mervin Goering,Mervin Goering,Y,Mervin Goering
Meryl B Jude,Meryl B Jude,Y,Meryl B Jude
Meryl Gow,Meryl Gow,Y,Meryl Gow
Meryl I Nau,Meryl I Nau,Y,Meryl I Nau
Meryl Nau,Meryl Nau,Y,Meryl Nau
Mica Z Herzberg,Mica Z Herzberg,Y,Mica Z Herzberg
Micaela N Buker,Micaela N Buker,Y,Micaela N Buker
Micheal F Mcleroy,Micheal F Mcleroy,Y,Micheal F Mcleroy
Mickey E Hentges,Mickey E Hentges,Y,Mickey E Hentges
Mickey Hentges,Mickey Hentges,Y,Mickey Hentges
Micki R Jauregui,Micki R Jauregui,Y,Micki R Jauregui
Mignon H Ballesteros,Mignon H Ballesteros,Y,Mignon H Ballesteros
Mignon Q Dills,Mignon Q Dills,Y,Mignon Q Dills
Miguel P Karp,Miguel P Karp,Y,Miguel P Karp
Mika J Rodriquez,Mika J Rodriquez,Y,Mika J Rodriquez
Mika Rodriquez,Mika Rodriquez,Y,Mika Rodriquez
Mike A Waddington,Mike A Waddington,Y,Mike A Waddington
Miles Lambert,Miles Lambert,Y,Miles Lambert
Miles N Light,Miles N Light,Y,Miles N Light
Millicent G Mangan,Millicent G Mangan,Y,Millicent G Mangan
Millicent Mangan,Millicent Mangan,Y,Millicent Mangan
Min X Buckmaster,Min X Buckmaster,Y,Min X Buckmaster
Mina P Shotwell,Mina P Shotwell,Y,Mina P Shotwell
Mina Shotwell,Mina Shotwell,Y,Mina Shotwell
Minta J Branham,Minta J Branham,Y,Minta J Branham
Mirian E Gorman,Mirian E Gorman,Y,Mirian E Gorman
Mirtha Herzig,Mirtha Herzig,Y,Mirtha Herzig
Mirtha X Herzig,Mirtha X Herzig,Y,Mirtha X Herzig
Misti H Mendenhall,Misti H Mendenhall,Y,Misti H Mendenhall
Misti Royal,Misti Royal,Y,Misti Royal
Moises U Hughs,Moises U Hughs,Y,Moises U Hughs
Molly U Rasch,Molly U Rasch,Y,Molly U Rasch
Monte F Mcginn,Monte F Mcginn,Y,Monte F Mcginn
Monty C Hughes,Monty C Hughes,Y,Monty C Hughes
Morgan Carriere,Morgan Carriere,Y,Morgan Carriere
Morgan K Rathbun,Morgan K Rathbun,Y,Morgan K Rathbun
Morgan Leonetti,Morgan Leonetti,Y,Morgan Leonetti
Morgan O Carriere,Morgan O Carriere,Y,Morgan O Carriere
Morgan V Leonetti,Morgan V Leonetti,Y,Morgan V Leonetti
Mose Brucker,Mose Brucker,Y,Mose Brucker
Mose O Brucker,Mose O Brucker,Y,Mose O Brucker
Mumin Yusha,Mumin Yusha,Y,Mumin Yusha
Murray D Pennock,Murray D Pennock,Y,Murray D Pennock
Myles G Strum,Myles G Strum,Y,Myles G Strum
Myra H Parra,Myra H Parra,Y,Myra H Parra
Myron Elsea,Myron Elsea,Y,Myron Elsea
Myron V Elsea,Myron V Elsea,Y,Myron V Elsea
Nadia B Rosner,Nadia B Rosner,Y,Nadia B Rosner
Nancy V Trogdon,Nancy V Trogdon,Y,Nancy V Trogdon
Nannette Ressler,Nannette Ressler,Y,Nannette Ressler
Nannie Z Seeman,Nannie Z Seeman,Y,Nannie Z Seeman
Narcisa C Rayburn,Narcisa C Rayburn,Y,Narcisa C Rayburn
Natasha L Mcelhannon,Natasha L Mcelhannon,Y,Natasha L Mcelhannon
Nathan Avendano,Nathan Avendano,Y,Nathan Avendano
Nathan V Avendano,Nathan V Avendano,Y,Nathan V Avendano
Nathanael G Mcmillin,Nathanael G Mcmillin,Y,Nathanael G Mcmillin
Nathanael Halloway,Nathanael Halloway,Y,Nathanael Halloway
Nathanael W Ohl,Nathanael W Ohl,Y,Nathanael W Ohl
Neil Gebhard,Neil Gebhard,Y,Neil Gebhard
Neil V Gebhard,Neil V Gebhard,Y,Neil V Gebhard
Neil Z Stoughton,Neil Z Stoughton,Y,Neil Z Stoughton
Nelida E Cheeks,Nelida E Cheeks,Y,Nelida E Cheeks
Nella Mckeown,Nella Mckeown,Y,Nella Mckeown
Nelson Dubuc,Nelson Dubuc,Y,Nelson Dubuc
Nelson O Dubuc,Nelson O Dubuc,Y,Nelson O Dubuc
Neomi P Pitchford,Neomi P Pitchford,Y,Neomi P Pitchford
Nestor T Ventura,Nestor T Ventura,Y,Nestor T Ventura
Nettie T Mccandless,Nettie T Mccandless,Y,Nettie T Mccandless
Newton L Cromartie,Newton L Cromartie,Y,Newton L Cromartie
Newton V Scalia,Newton V Scalia,Y,Newton V Scalia
Ngoc P Pogue,Ngoc P Pogue,Y,Ngoc P Pogue
Ngoc X Watson,Ngoc X Watson,Y,Ngoc X Watson
Nicholas B Salcedo,Nicholas B Salcedo,Y,Nicholas B Salcedo
Nick Q Packard,Nick Q Packard,Y,Nick Q Packard
Nickolas G Grossi,Nickolas G Grossi,Y,Nickolas G Grossi
Nicola S Bellis,Nicola S Bellis,Y,Nicola S Bellis
Nicolle A Crothers,Nicolle A Crothers,Y,Nicolle A Crothers
Nigel K Wadsworth,Nigel K Wadsworth,Y,Nigel K Wadsworth
Nigel O Sansom,Nigel O Sansom,Y,Nigel O Sansom
Nigel V Dupras,Nigel V Dupras,Y,Nigel V Dupras
Nikia Z Thrasher,Nikia Z Thrasher,Y,Nikia Z Thrasher
Nilsa Arambula,Nilsa Arambula,Y,Nilsa Arambula
Noah O Love,Noah O Love,Y,Noah O Love
Noble Sanderson,Noble Sanderson,Y,Noble Sanderson
Noel Garon,Noel Garon,Y,Noel Garon
Nolan V Velazco,Nolan V Velazco,Y,Nolan V Velazco
Norris P Ewen,Norris P Ewen,Y,Norris P Ewen
Novella B Osman,Novella B Osman,Y,Novella B Osman
Novella Osman,Novella Osman,Y,Novella Osman
Odette Gorden,Odette Gorden,Y,Odette Gorden
Olevia U Cartier,Olevia U Cartier,Y,Olevia U Cartier
Oliver Mouzon,Oliver Mouzon,Y,Oliver Mouzon
Omer H Moultrie,Omer H Moultrie,Y,Omer H Moultrie
Ona K Koepp,Ona K Koepp,Y,Ona K Koepp
Oren M Mcnabb,Oren M Mcnabb,Y,Oren M Mcnabb
Oren Mcnabb,Oren Mcnabb,Y,Oren Mcnabb
Orval N Pichardo,Orval N Pichardo,Y,Orval N Pichardo
Orval Olinger,Orval Olinger,Y,Orval Olinger
Orval Q Olinger,Orval Q Olinger,Y,Orval Q Olinger
Orval Q Schlesinger,Orval Q Schlesinger,Y,Orval Q Schlesinger
Orville Marcantel,Orville Marcantel,Y,Orville Marcantel
Orville Massey,Orville Massey,Y,Orville Massey
Oscar R Bovee,Oscar R Bovee,Y,Oscar R Bovee
Oswaldo Baumbach,Oswaldo Baumbach,Y,Oswaldo Baumbach
Otha Sylvester,Otha Sylvester,Y,Otha Sylvester
Otha T Orrell,Otha T Orrell,Y,Otha T Orrell
Otto Reilly,Otto Reilly,Y,Otto Reilly
Palmer O Beamer,Palmer O Beamer,Y,Palmer O Beamer
Pansy Duchesne,Pansy Duchesne,Y,Pansy Duchesne
Pansy F Duchesne,Pansy F Duchesne,Y,Pansy F Duchesne
Paola R Timberlake,Paola R Timberlake,Y,Paola R Timberlake
Paris U Leite,Paris U Leite,Y,Paris U Leite
Patria D Riedel,Patria D Riedel,Y,Patria D Riedel
Patrick H Gilleland,Patrick H Gilleland,Y,Patrick H Gilleland
Patty Hosey,Patty Hosey,Y,Patty Hosey
Paz J Hegwood,Paz J Hegwood,Y,Paz J Hegwood
Perry E Huddleston,Perry E Huddleston,Y,Perry E Huddleston
Perry Outland,Perry Outland,Y,Perry Outland
Pete B Donnelly,Pete B Donnelly,Y,Pete B Donnelly
Petrina B Dampier,Petrina B Dampier,Y,Petrina B Dampier
Petrina Dampier,Petrina Dampier,Y,Petrina Dampier
Phil Czarnecki,Phil Czarnecki,Y,Phil Czarnecki
Phil G Czarnecki,Phil G Czarnecki,Y,Phil G Czarnecki
Phil T Urena,Phil T Urena,Y,Phil T Urena
Philip Trinidad,Philip Trinidad,Y,Philip Trinidad
Philip X Trinidad,Philip X Trinidad,Y,Philip X Trinidad
Phillip Crabill,Phillip Crabill,Y,Phillip Crabill
Phyllis Figueredo,Phyllis Figueredo,Y,Phyllis Figueredo
Porfirio Houghton,Porfirio Houghton,Y,Porfirio Houghton
Porsche Dearing,Porsche Dearing,Y,Porsche Dearing
Prince Maloof,Prince Maloof,Y,Prince Maloof
Providencia Hennings,Providencia Hennings,Y,Providencia Hennings
Queenie M Alder,Queenie M Alder,Y,Queenie M Alder
Quinn Linneman,Quinn Linneman,Y,Quinn Linneman
Rachelle M Burkhead,Rachelle M Burkhead,Y,Rachelle M Burkhead
Rafaela Madrid,Rafaela Madrid,Y,Rafaela Madrid
Rafaela N Madrid,Rafaela N Madrid,Y,Rafaela N Madrid
Raguel Yeager,Raguel Yeager,Y,Raguel Yeager
Ramon Heldt,Ramon Heldt,Y,Ramon Heldt
Ramona V Hemphill,Ramona V Hemphill,Y,Ramona V Hemphill
Ramona W Rand,Ramona W Rand,Y,Ramona W Rand
Ramonita Z Fincher,Ramonita Z Fincher,Y,Ramonita Z Fincher
Randal J Kahle,Randal J Kahle,Y,Randal J Kahle
Randal Kahle,Randal Kahle,Y,Randal Kahle
Randee O Cassity,Randee O Cassity,Y,Randee O Cassity
Randee X Blunt,Randee X Blunt,Y,Randee X Blunt
Raphael W Kellner,Raphael W Kellner,Y,Raphael W Kellner
Rashida M Durante,Rashida M Durante,Y,Rashida M Durante
Raye T Willmon,Raye T Willmon,Y,Raye T Willmon
Raymon I Chavarria,Raymon I Chavarria,Y,Raymon I Chavarria
Raymond U Flavin,Raymond U Flavin,Y,Raymond U Flavin
Raymundo Pecora,Raymundo Pecora,Y,Raymundo Pecora
Reagan H Costas,Reagan H Costas,Y,Reagan H Costas
Reanna I Hampton,Reanna I Hampton,Y,Reanna I Hampton
Reatha E Osby,Reatha E Osby,Y,Reatha E Osby
Rebeca Kromer,Rebeca Kromer,Y,Rebeca Kromer
Reed O Vella,Reed O Vella,Y,Reed O Vella
Reed Vella,Reed Vella,Y,Reed Vella
Reggie Cramer,Reggie Cramer,Y,Reggie Cramer
Reinaldo Castellanos,Reinaldo Castellanos,Y,Reinaldo Castellanos
Reinaldo G Castellanos,Reinaldo G Castellanos,Y,Reinaldo G Castellanos
Renaldo K Cheatham,Renaldo K Cheatham,Y,Renaldo K Cheatham
Rene Morel,Rene Morel,Y,Rene Morel
Ressie Goodwyn,Ressie Goodwyn,Y,Ressie Goodwyn
Ressie I Goodwyn,Ressie I Goodwyn,Y,Ressie I Goodwyn
Retha G Nealy,Retha G Nealy,Y,Retha G Nealy
Rex K Dion,Rex K Dion,Y,Rex K Dion
Reyes X Segal,Reyes X Segal,Y,Reyes X Segal
Reynalda M Millwood,Reynalda M Millwood,Y,Reynalda M Millwood
Reynaldo S Service,Reynaldo S Service,Y,Reynaldo S Service
Rhett A Chapple,Rhett A Chapple,Y,Rhett A Chapple
Rhett H Goode,Rhett H Goode,Y,Rhett H Goode
Rich Cleek,Rich Cleek,Y,Rich Cleek
Rich Q Rehberg,Rich Q Rehberg,Y,Rich Q Rehberg
Rich Rehberg,Rich Rehberg,Y,Rich Rehberg
Richard C Truman,Richard C Truman,Y,Richard C Truman
Richard J Fetter,Richard J Fetter,Y,Richard J Fetter
Richelle Haffner,Richelle Haffner,Y,Richelle Haffner
Richie I Weisz,Richie I Weisz,Y,Richie I Weisz
Rick E Armenta,Rick E Armenta,Y,Rick E Armenta
Rick Y Haefner,Rick Y Haefner,Y,Rick Y Haefner
Rickey I Delk,Rickey I Delk,Y,Rickey I Delk
Rina L Chacon,Rina L Chacon,Y,Rina L Chacon
Rob Spier,Rob Spier,Y,Rob Spier
Robbie N Heckman,Robbie N Heckman,Y,Robbie N Heckman
Robert Ancheta,Robert Ancheta,Y,Robert Ancheta
Robert C Ancheta,Robert C Ancheta,Y,Robert C Ancheta
Robert F Trudeau,Robert F Trudeau,Y,Robert F Trudeau
Robert Winsor,Robert Winsor,Y,Robert Winsor
Roberto A Fresquez,Roberto A Fresquez,Y,Roberto A Fresquez
Roberto U Derry,Roberto U Derry,Y,Roberto U Derry
Robin Z Stewart,Robin Z Stewart,Y,Robin Z Stewart
Rod Catania,Rod Catania,Y,Rod Catania
Rodney Leonardo,Rodney Leonardo,Y,Rodney Leonardo
Rogelio Finnerty,Rogelio Finnerty,Y,Rogelio Finnerty
Rogelio Ledezma,Rogelio Ledezma,Y,Rogelio Ledezma
Rolando Womble,Rolando Womble,Y,Rolando Womble
Ronnie E Swim,Ronnie E Swim,Y,Ronnie E Swim
Ronnie G Gumbs,Ronnie G Gumbs,Y,Ronnie G Gumbs
Ronnie H Upton,Ronnie H Upton,Y,Ronnie H Upton
Ronnie Upton,Ronnie Upton,Y,Ronnie Upton
Rory Syed,Rory Syed,Y,Rory Syed
Rosa Iler,Rosa Iler,Y,Rosa Iler
Rosaline H Brenneman,Rosaline H Brenneman,Y,Rosaline H Brenneman
Rosalva G Shepley,Rosalva G Shepley,Y,Rosalva G Shepley
Rosanna D Standley,Rosanna D Standley,Y,Rosanna D Standley
Roscoe Tunney,Roscoe Tunney,Y,Roscoe Tunney
Roselia F Britton,Roselia F Britton,Y,Roselia F Britton
Rosella E Marron,Rosella E Marron,Y,Rosella E Marron
Rosemarie K Fellows,Rosemarie K Fellows,Y,Rosemarie K Fellows
Rosetta Messerly,Rosetta Messerly,Y,Rosetta Messerly
Rosette F Cascio,Rosette F Cascio,Y,Rosette F Cascio
Rosina Gonsalves,Rosina Gonsalves,Y,Rosina Gonsalves
Ross Imai,Ross Imai,Y,Ross Imai
Rosy U Baumeister,Rosy U Baumeister,Y,Rosy U Baumeister
Roy W Wilkie,Roy W Wilkie,Y,Roy W Wilkie
Royal U Okeefe,Royal U Okeefe,Y,Royal U Okeefe
Royce K Goodwyn,Royce K Goodwyn,Y,Royce K Goodwyn
Rozanne N Mielke,Rozanne N Mielke,Y,Rozanne N Mielke
Rubin Confer,Rubin Confer,Y,Rubin Confer
Rubin E Confer,Rubin E Confer,Y,Rubin E Confer
Ruby B Hare,Ruby B Hare,Y,Ruby B Hare
Rueben X Pidgeon,Rueben X Pidgeon,Y,Rueben X Pidgeon
Rufus F Furlong,Rufus F Furlong,Y,Rufus F Furlong
Rufus Neufeld,Rufus Neufeld,Y,Rufus Neufeld
Russ I Teed,Russ I Teed,Y,Russ I Teed
Russ U Belliveau,Russ U Belliveau,Y,Russ U Belliveau
Russel Baumer,Russel Baumer,Y,Russel Baumer
Rusty Bibby,Rusty Bibby,Y,Rusty Bibby
Sal C Heiden,Sal C Heiden,Y,Sal C Heiden
Salena I Santillan,Salena I Santillan,Y,Salena I Santillan
Salena Santillan,Salena Santillan,Y,Salena Santillan
Salvatore J Lindell,Salvatore J Lindell,Y,Salvatore J Lindell
Sam C Limones,Sam C Limones,Y,Sam C Limones
Sam E Lacey,Sam E Lacey,Y,Sam E Lacey
Samantha V Lucky,Samantha V Lucky,Y,Samantha V Lucky
Sammy C Holtzclaw,Sammy C Holtzclaw,Y,Sammy C Holtzclaw
Samuel Dart,Samuel Dart,Y,Samuel Dart
Sanford Knee,Sanford Knee,Y,Sanford Knee
Sarita P Schubert,Sarita P Schubert,Y,Sarita P Schubert
Scott D Torrey,Scott D Torrey,Y,Scott D Torrey
Scott K Ricco,Scott K Ricco,Y,Scott K Ricco
Selma Abram,Selma Abram,Y,Selma Abram
Sena U Delrosario,Sena U Delrosario,Y,Sena U Delrosario
Serina Lingle,Serina Lingle,Y,Serina Lingle
Seth N Lipsky,Seth N Lipsky,Y,Seth N Lipsky
Seth Willilams,Seth Willilams,Y,Seth Willilams
Shanelle Z Hick,Shanelle Z Hick,Y,Shanelle Z Hick
Shannon J Force,Shannon J Force,Y,Shannon J Force
Shanti F Quirion,Shanti F Quirion,Y,Shanti F Quirion
Shanti P Brinegar,Shanti P Brinegar,Y,Shanti P Brinegar
Shanti Quirion,Shanti Quirion,Y,Shanti Quirion
Shara Millsap,Shara Millsap,Y,Shara Millsap
Sharda W Choudhury,Sharda W Choudhury,Y,Sharda W Choudhury
Sharita Y Lombardi,Sharita Y Lombardi,Y,Sharita Y Lombardi
Sharlene Klein,Sharlene Klein,Y,Sharlene Klein
Sharonda Janzen,Sharonda Janzen,Y,Sharonda Janzen
Sharri Z Gormley,Sharri Z Gormley,Y,Sharri Z Gormley
Sharyl Y Torian,Sharyl Y Torian,Y,Sharyl Y Torian
Shasta F Bay,Shasta F Bay,Y,Shasta F Bay
Shasta P Depuy,Shasta P Depuy,Y,Shasta P Depuy
Shavon K Wescott,Shavon K Wescott,Y,Shavon K Wescott
Shavonne B Boylan,Shavonne B Boylan,Y,Shavonne B Boylan
Shavonne Henkle,Shavonne Henkle,Y,Shavonne Henkle
Shawanda Ostlund,Shawanda Ostlund,Y,Shawanda Ostlund
Shayne T Claytor,Shayne T Claytor,Y,Shayne T Claytor
Sheila F Bergman,Sheila F Bergman,Y,Sheila F Bergman
Shemika D Porterfield,Shemika D Porterfield,Y,Shemika D Porterfield
Sherise Bledsoe,Sherise Bledsoe,Y,Sherise Bledsoe
Sherise C Bledsoe,Sherise C Bledsoe,Y,Sherise C Bledsoe
Sherlene E Mcdaniel,Sherlene E Mcdaniel,Y,Sherlene E Mcdaniel
Sherryl B Raker,Sherryl B Raker,Y,Sherryl B Raker
Sherryl Raker,Sherryl Raker,Y,Sherryl Raker
Sherwood K Shire,Sherwood K Shire,Y,Sherwood K Shire
Sheryll X Broadbent,Sheryll X Broadbent,Y,Sheryll X Broadbent
Shirl M Caraballo,Shirl M Caraballo,Y,Shirl M Caraballo
Shirley H Mettler,Shirley H Mettler,Y,Shirley H Mettler
Sidney D Amore,Sidney D Amore,Y,Sidney D Amore
Silas J Wojcik,Silas J Wojcik,Y,Silas J Wojcik
Silas S Pyatt,Silas S Pyatt,Y,Silas S Pyatt
Silvana V Hendrix,Silvana V Hendrix,Y,Silvana V Hendrix
Simon G Cromwell,Simon G Cromwell,Y,Simon G Cromwell
Sixta H Jo,Sixta H Jo,Y,Sixta H Jo
Sixta Jo,Sixta Jo,Y,Sixta Jo
Sol Coffman,Sol Coffman,Y,Sol Coffman
Sol K Roger,Sol K Roger,Y,Sol K Roger
Solange Landaverde,Solange Landaverde,Y,Solange Landaverde
Son D Ricketts,Son D Ricketts,Y,Son D Ricketts
Sonny Najar,Sonny Najar,Y,Sonny Najar
Sophia F Knecht,Sophia F Knecht,Y,Sophia F Knecht
Stacey H Galante,Stacey H Galante,Y,Stacey H Galante
Stacy B Kennell,Stacy B Kennell,Y,Stacy B Kennell
Stan I Folks,Stan I Folks,Y,Stan I Folks
Stan S Watt,Stan S Watt,Y,Stan S Watt
Stanley Caudill,Stanley Caudill,Y,Stanley Caudill
Stanley F Casillas,Stanley F Casillas,Y,Stanley F Casillas
Stanton Y Cavallaro,Stanton Y Cavallaro,Y,Stanton Y Cavallaro
Stasia L Daley,Stasia L Daley,Y,Stasia L Daley
Stefanie P Rose,Stefanie P Rose,Y,Stefanie P Rose
Stephan Q Ranger,Stephan Q Ranger,Y,Stephan Q Ranger
Stephnie Millman,Stephnie Millman,Y,Stephnie Millman
Steve S Everette,Steve S Everette,Y,Steve S Everette
Steven B Daigneault,Steven B Daigneault,Y,Steven B Daigneault
Steven Daigneault,Steven Daigneault,Y,Steven Daigneault
Stewart Mazurek,Stewart Mazurek,Y,Stewart Mazurek
Stuart Fullwood,Stuart Fullwood,Y,Stuart Fullwood
Suellen Eoff,Suellen Eoff,Y,Suellen Eoff
Sunshine F Earle,Sunshine F Earle,Y,Sunshine F Earle
Susan Barra,Susan Barra,Y,Susan Barra
Susana H Hooks,Susana H Hooks,Y,Susana H Hooks
Susana Hooks,Susana Hooks,Y,Susana Hooks
Susann A Faucett,Susann A Faucett,Y,Susann A Faucett
Suzette F Lovejoy,Suzette F Lovejoy,Y,Suzette F Lovejoy
Suzette Lovejoy,Suzette Lovejoy,Y,Suzette Lovejoy
Sydney Trosper,Sydney Trosper,Y,Sydney Trosper
Sylvester Harmer,Sylvester Harmer,Y,Sylvester Harmer
Sylvester M Harmer,Sylvester M Harmer,Y,Sylvester M Harmer
Sylvester Z Blackledge,Sylvester Z Blackledge,Y,Sylvester Z Blackledge
Tad Laster,Tad Laster,Y,Tad Laster
Tad Portillo,Tad Portillo,Y,Tad Portillo
Tad V Laster,Tad V Laster,Y,Tad V Laster
Talisha F Nicklas,Talisha F Nicklas,Y,Talisha F Nicklas
Tamera Balser,Tamera Balser,Y,Tamera Balser
Tamesha I Knepper,Tamesha I Knepper,Y,Tamesha I Knepper
Tamica J Holoman,Tamica J Holoman,Y,Tamica J Holoman
Tammi S Garret,Tammi S Garret,Y,Tammi S Garret
Tammy Staples,Tammy Staples,Y,Tammy Staples
Tammy Z Lorentz,Tammy Z Lorentz,Y,Tammy Z Lorentz
Taneka Q Church,Taneka Q Church,Y,Taneka Q Church
Tanner Y Hollenbeck,Tanner Y Hollenbeck,Y,Tanner Y Hollenbeck
Tawanda E Buchanon,Tawanda E Buchanon,Y,Tawanda E Buchanon
Taylor O Thill,Taylor O Thill,Y,Taylor O Thill
Taylor Thill,Taylor Thill,Y,Taylor Thill
Tayna L Covarrubias,Tayna L Covarrubias,Y,Tayna L Covarrubias
Teddy Kleinschmidt,Teddy Kleinschmidt,Y,Teddy Kleinschmidt
Tempie Peralta,Tempie Peralta,Y,Tempie Peralta
Terra D Routh,Terra D Routh,Y,Terra D Routh
Terra Routh,Terra Routh,Y,Terra Routh
Terrance E Schiefelbein,Terrance E Schiefelbein,Y,Terrance E Schiefelbein
Terrell J Leader,Terrell J Leader,Y,Terrell J Leader
Terrell Leader,Terrell Leader,Y,Terrell Leader
Theda Timothy,Theda Timothy,Y,Theda Timothy
Theresa Fitzmaurice,Theresa Fitzmaurice,Y,Theresa Fitzmaurice
Theresa R Fitzmaurice,Theresa R Fitzmaurice,Y,Theresa R Fitzmaurice
Therese Q Belden,Therese Q Belden,Y,Therese Q Belden
Theron T Kramer,Theron T Kramer,Y,Theron T Kramer
Thomas B Felipe,Thomas B Felipe,Y,Thomas B Felipe
Thomas H Huang,Thomas H Huang,Y,Thomas H Huang
Thora Vanhook,Thora Vanhook,Y,Thora Vanhook
Thurman T Caceres,Thurman T Caceres,Y,Thurman T Caceres
Tiffaney A Schoenberg,Tiffaney A Schoenberg,Y,Tiffaney A Schoenberg
Tiffaney Schoenberg,Tiffaney Schoenberg,Y,Tiffaney Schoenberg
Tim N Schueller,Tim N Schueller,Y,Tim N Schueller
Tim U Kornegay,Tim U Kornegay,Y,Tim U Kornegay
Timmy I Poteat,Timmy I Poteat,Y,Timmy I Poteat
Timmy Kitchens,Timmy Kitchens,Y,Timmy Kitchens
Tinisha V Vince,Tinisha V Vince,Y,Tinisha V Vince
Tiny Llanos,Tiny Llanos,Y,Tiny Llanos
Tiny Q Llanos,Tiny Q Llanos,Y,Tiny Q Llanos
Tiny Z Oliveri,Tiny Z Oliveri,Y,Tiny Z Oliveri
Titus Eide,Titus Eide,Y,Titus Eide
Toby Riles,Toby Riles,Y,Toby Riles
Tod Rene,Tod Rene,Y,Tod Rene
Toi F Stallard,Toi F Stallard,Y,Toi F Stallard
Tomas V Krout,Tomas V Krout,Y,Tomas V Krout
Tommie S Fargo,Tommie S Fargo,Y,Tommie S Fargo
Tommy I Meadows,Tommy I Meadows,Y,Tommy I Meadows
Tona S Huseby,Tona S Huseby,Y,Tona S Huseby
Toney Buffum,Toney Buffum,Y,Toney Buffum
Toney O Gentle,Toney O Gentle,Y,Toney O Gentle
Toney W Bollman,Toney W Bollman,Y,Toney W Bollman
Tonia Silvis,Tonia Silvis,Y,Tonia Silvis
Tonia X Silvis,Tonia X Silvis,Y,Tonia X Silvis
Tonja E Lenahan,Tonja E Lenahan,Y,Tonja E Lenahan
Tonja Lenahan,Tonja Lenahan,Y,Tonja Lenahan
Tony E Keough,Tony E Keough,Y,Tony E Keough
Tony Keough,Tony Keough,Y,Tony Keough
Towanda H Matson,Towanda H Matson,Y,Towanda H Matson
Toya B Rawlins,Toya B Rawlins,Y,Toya B Rawlins
Tracey Lapinski,Tracey Lapinski,Y,Tracey Lapinski
Tracie J Winebarger,Tracie J Winebarger,Y,Tracie J Winebarger
Trent J Lockman,Trent J Lockman,Y,Trent J Lockman
Tressa Q Standard,Tressa Q Standard,Y,Tressa Q Standard
Tressa Standard,Tressa Standard,Y,Tressa Standard
Trey Kaiser,Trey Kaiser,Y,Trey Kaiser
Tristan L Cockrell,Tristan L Cockrell,Y,Tristan L Cockrell
Tristan M Brackett,Tristan M Brackett,Y,Tristan M Brackett
Troy J Higbee,Troy J Higbee,Y,Troy J Higbee
Troy Michalski,Troy Michalski,Y,Troy Michalski
Tuan L Rhymes,Tuan L Rhymes,Y,Tuan L Rhymes
Tyler D Galindo,Tyler D Galindo,Y,Tyler D Galindo
Tyler Galindo,Tyler Galindo,Y,Tyler Galindo
Tyler N Larkins,Tyler N Larkins,Y,Tyler N Larkins
Tyree W Linden,Tyree W Linden,Y,Tyree W Linden
Tyrell R Bramlett,Tyrell R Bramlett,Y,Tyrell R Bramlett
Tyson High,Tyson High,Y,Tyson High
Ula W Hartl,Ula W Hartl,Y,Ula W Hartl
Ulysses S Abate,Ulysses S Abate,Y,Ulysses S Abate
Un Zebrowski,Un Zebrowski,Y,Un Zebrowski
Ute Outen,Ute Outen,Y,Ute Outen
Valarie O Gorecki,Valarie O Gorecki,Y,Valarie O Gorecki
Valencia M Cuffee,Valencia M Cuffee,Y,Valencia M Cuffee
Valene R Yost,Valene R Yost,Y,Valene R Yost
Valene Yost,Valene Yost,Y,Valene Yost
Valene Z Woodmansee,Valene Z Woodmansee,Y,Valene Z Woodmansee
Valentin Escoto,Valentin Escoto,Y,Valentin Escoto
Valentin T Dearborn,Valentin T Dearborn,Y,Valentin T Dearborn
Valentine Gibbon,Valentine Gibbon,Y,Valentine Gibbon
Valeria Fang,Valeria Fang,Y,Valeria Fang
Van E Broadbent,Van E Broadbent,Y,Van E Broadbent
Van T Dotson,Van T Dotson,Y,Van T Dotson
Vance Kuss,Vance Kuss,Y,Vance Kuss
Vasiliki E Thoman,Vasiliki E Thoman,Y,Vasiliki E Thoman
Vasiliki Thoman,Vasiliki Thoman,Y,Vasiliki Thoman
Vaughn Garica,Vaughn Garica,Y,Vaughn Garica
Vaughn N Garica,Vaughn N Garica,Y,Vaughn N Garica
Velda V Larue,Velda V Larue,Y,Velda V Larue
Verla H Contreras,Verla H Contreras,Y,Verla H Contreras
Vern T Lomeli,Vern T Lomeli,Y,Vern T Lomeli
Vernell X Amado,Vernell X Amado,Y,Vernell X Amado
Verona H Brobst,Verona H Brobst,Y,Verona H Brobst
Veronica I Mower,Veronica I Mower,Y,Veronica I Mower
Vicki V Broussard,Vicki V Broussard,Y,Vicki V Broussard
Vicki Y Hargrave,Vicki Y Hargrave,Y,Vicki Y Hargrave
Victor Helmuth,Victor Helmuth,Y,Victor Helmuth
Victoria H Musson,Victoria H Musson,Y,Victoria H Musson
Vikki N Lezama,Vikki N Lezama,Y,Vikki N Lezama
Vincent N Lennon,Vincent N Lennon,Y,Vincent N Lennon
Vincenzo Rentschler,Vincenzo Rentschler,Y,Vincenzo Rentschler
Vinita E Chamber,Vinita E Chamber,Y,Vinita E Chamber
Violet L Ertel,Violet L Ertel,Y,Violet L Ertel
Virgil R Yuen,Virgil R Yuen,Y,Virgil R Yuen
Vivienne X Binion,Vivienne X Binion,Y,Vivienne X Binion
Voncile P Trojanowski,Voncile P Trojanowski,Y,Voncile P Trojanowski
Vonda U Mckinnis,Vonda U Mckinnis,Y,Vonda U Mckinnis
Waldo Witmer,Waldo Witmer,Y,Waldo Witmer
Walter B Mcmorrow,Walter B Mcmorrow,Y,Walter B Mcmorrow
Walter H Hargreaves,Walter H Hargreaves,Y,Walter H Hargreaves
Walter R Seddon,Walter R Seddon,Y,Walter R Seddon
Walton S Keim,Walton S Keim,Y,Walton S Keim
Walton U Kapoor,Walton U Kapoor,Y,Walton U Kapoor
Warner I Manly,Warner I Manly,Y,Warner I Manly
Warren L Manion,Warren L Manion,Y,Warren L Manion
Waylon Z Curtsinger,Waylon Z Curtsinger,Y,Waylon Z Curtsinger
Wendolyn Riddle,Wendolyn Riddle,Y,Wendolyn Riddle
Whitney N Wasinger,Whitney N Wasinger,Y,Whitney N Wasinger
Wiley U Maske,Wiley U Maske,Y,Wiley U Maske
Wilfred Honore,Wilfred Honore,Y,Wilfred Honore
Wilhelmina Y Keaney,Wilhelmina Y Keaney,Y,Wilhelmina Y Keaney
Willia Vath,Willia Vath,Y,Willia Vath
William B Mcnerney,William B Mcnerney,Y,William B Mcnerney
Williams Timko,Williams Timko,Y,Williams Timko
Willian Zeringue,Willian Zeringue,Y,Willian Zeringue
Willis D Weissman,Willis D Weissman,Y,Willis D Weissman
Wilton Florence,Wilton Florence,Y,Wilton Florence
Windy A Dudek,Windy A Dudek,Y,Windy A Dudek
Windy Dudek,Windy Dudek,Y,Windy Dudek
Windy Pharr,Windy Pharr,Y,Windy Pharr
Windy S Pharr,Windy S Pharr,Y,Windy S Pharr
Windy Valadez,Windy Valadez,Y,Windy Valadez
Winona Slape,Winona Slape,Y,Winona Slape
Wm S Goldschmidt,Wm S Goldschmidt,Y,Wm S Goldschmidt
Xochitl Hogan,Xochitl Hogan,Y,Xochitl Hogan
Xochitl Luse,Xochitl Luse,Y,Xochitl Luse
Yong Ramsey,Yong Ramsey,Y,Yong Ramsey
Young Rueb,Young Rueb,Y,Young Rueb
Young W Funes,Young W Funes,Y,Young W Funes
Yung G Booher,Yung G Booher,Y,Yung G Booher
Yvone Seay,Yvone Seay,Y,Yvone Seay
Zachary Haugland,Zachary Haugland,Y,Zachary Haugland
Zachary S Velasquez,Zachary S Velasquez,Y,Zachary S Velasquez
Zachary U Breeden,Zachary U Breeden,Y,Zachary U Breeden
Zachary Velasquez,Zachary Velasquez,Y,Zachary Velasquez
Zachery Barna,Zachery Barna,Y,Zachery Barna
Zack H Mumaw,Zack H Mumaw,Y,Zack H Mumaw
Zackary G Parkins,Zackary G Parkins,Y,Zackary G Parkins
Zana G Ordonez,Zana G Ordonez,Y,Zana G Ordonez
Zane J Hurdle,Zane J Hurdle,Y,Zane J Hurdle
Zella Renn,Zella Renn,Y,Zella Renn
Zenia D Owings,Zenia D Owings,Y,Zenia D Owings
Zoila X Nair,Zoila X Nair,Y,Zoila X Nair
